{
  "MA_ActivityLog_UF5_Toggle_DataError_ON-/cms/activityLogDetails?limit=25&dataError=true" : {
    "transaction" : "MA_ActivityLog_UF5_Toggle_DataError_ON-/cms/activityLogDetails?limit=25&dataError=true",
    "sampleCount" : 54,
    "errorCount" : 0,
    "errorPct" : 0.0,
    "meanResTime" : 2520.7222222222226,
    "medianResTime" : 2149.0,
    "minResTime" : 1823.0,
    "maxResTime" : 4561.0,
    "pct1ResTime" : 3947.5,
    "pct2ResTime" : 4431.75,
    "pct3ResTime" : 4561.0,
    "throughput" : 0.025116477665172235,
    "receivedKBytesPerSec" : 0.05366230657405198,
    "sentKBytesPerSec" : 0.06483109037955183
  },
  "MA_ActivityLog_UF5_Toggle_DataError_ON" : {
    "transaction" : "MA_ActivityLog_UF5_Toggle_DataError_ON",
    "sampleCount" : 54,
    "errorCount" : 0,
    "errorPct" : 0.0,
    "meanResTime" : 2520.7222222222226,
    "medianResTime" : 2149.0,
    "minResTime" : 1823.0,
    "maxResTime" : 4561.0,
    "pct1ResTime" : 3947.5,
    "pct2ResTime" : 4431.75,
    "pct3ResTime" : 4561.0,
    "throughput" : 0.025114012968132177,
    "receivedKBytesPerSec" : 0.05365704065540133,
    "sentKBytesPerSec" : 0.06482472846054821
  },
  "MA_ActivityLog_UF1_Home" : {
    "transaction" : "MA_ActivityLog_UF1_Home",
    "sampleCount" : 62,
    "errorCount" : 0,
    "errorPct" : 0.0,
    "meanResTime" : 2240.2258064516136,
    "medianResTime" : 1967.5,
    "minResTime" : 1762.0,
    "maxResTime" : 4399.0,
    "pct1ResTime" : 3463.0000000000005,
    "pct2ResTime" : 3878.249999999998,
    "pct3ResTime" : 4399.0,
    "throughput" : 0.02925918112990463,
    "receivedKBytesPerSec" : 0.07424849032063816,
    "sentKBytesPerSec" : 0.07509601479924663
  },
  "MA_ActivityLog_UF4_Toggle_AAEExists_ON-/cms/activityLogDetails?limit=25&aaeExists=true" : {
    "transaction" : "MA_ActivityLog_UF4_Toggle_AAEExists_ON-/cms/activityLogDetails?limit=25&aaeExists=true",
    "sampleCount" : 57,
    "errorCount" : 0,
    "errorPct" : 0.0,
    "meanResTime" : 2381.5263157894733,
    "medianResTime" : 2079.0,
    "minResTime" : 1826.0,
    "maxResTime" : 4576.0,
    "pct1ResTime" : 3916.2000000000003,
    "pct2ResTime" : 4061.7,
    "pct3ResTime" : 4576.0,
    "throughput" : 0.027156694125101837,
    "receivedKBytesPerSec" : 0.05799132251313765,
    "sentKBytesPerSec" : 0.0700957042695564
  },
  "Total" : {
    "transaction" : "Total",
    "sampleCount" : 285,
    "errorCount" : 0,
    "errorPct" : 0.0,
    "meanResTime" : 2381.108771929827,
    "medianResTime" : 2070.0,
    "minResTime" : 1762.0,
    "maxResTime" : 4704.0,
    "pct1ResTime" : 3819.4,
    "pct2ResTime" : 4058.0,
    "pct3ResTime" : 4576.14,
    "throughput" : 0.13255912602140296,
    "receivedKBytesPerSec" : 0.30348608844298375,
    "sentKBytesPerSec" : 0.3422182080773625
  },
  "MA_ActivityLog_UF3_ApplyFilter" : {
    "transaction" : "MA_ActivityLog_UF3_ApplyFilter",
    "sampleCount" : 57,
    "errorCount" : 0,
    "errorPct" : 0.0,
    "meanResTime" : 2410.8070175438593,
    "medianResTime" : 2105.0,
    "minResTime" : 1842.0,
    "maxResTime" : 4704.0,
    "pct1ResTime" : 3873.4000000000005,
    "pct2ResTime" : 4043.0999999999995,
    "pct3ResTime" : 4704.0,
    "throughput" : 0.027148092846477533,
    "receivedKBytesPerSec" : 0.06656185106532451,
    "sentKBytesPerSec" : 0.07036792363527253
  },
  "MA_ActivityLog_UF2_SelectUnits-/cms/activityLogDetails?limit=25&unitNumber=R01" : {
    "transaction" : "MA_ActivityLog_UF2_SelectUnits-/cms/activityLogDetails?limit=25&unitNumber=R01",
    "sampleCount" : 51,
    "errorCount" : 0,
    "errorPct" : 0.0,
    "meanResTime" : 2300.78431372549,
    "medianResTime" : 2036.0,
    "minResTime" : 1855.0,
    "maxResTime" : 4496.0,
    "pct1ResTime" : 3214.0000000000027,
    "pct2ResTime" : 4151.599999999999,
    "pct3ResTime" : 4496.0,
    "throughput" : 0.0241305890702626,
    "receivedKBytesPerSec" : 0.05193547433167731,
    "sentKBytesPerSec" : 0.062472738496569674
  },
  "MA_ActivityLog_UF2_SelectUnits" : {
    "transaction" : "MA_ActivityLog_UF2_SelectUnits",
    "sampleCount" : 51,
    "errorCount" : 0,
    "errorPct" : 0.0,
    "meanResTime" : 2300.78431372549,
    "medianResTime" : 2036.0,
    "minResTime" : 1855.0,
    "maxResTime" : 4496.0,
    "pct1ResTime" : 3214.0000000000027,
    "pct2ResTime" : 4151.599999999999,
    "pct3ResTime" : 4496.0,
    "throughput" : 0.024128031852786832,
    "receivedKBytesPerSec" : 0.05192997051649127,
    "sentKBytesPerSec" : 0.062466118004290055
  },
  "MA_ActivityLog_UF4_Toggle_AAEExists_ON" : {
    "transaction" : "MA_ActivityLog_UF4_Toggle_AAEExists_ON",
    "sampleCount" : 57,
    "errorCount" : 0,
    "errorPct" : 0.0,
    "meanResTime" : 2381.59649122807,
    "medianResTime" : 2079.0,
    "minResTime" : 1826.0,
    "maxResTime" : 4577.0,
    "pct1ResTime" : 3916.2000000000003,
    "pct2ResTime" : 4061.9,
    "pct3ResTime" : 4577.0,
    "throughput" : 0.027154003214652875,
    "receivedKBytesPerSec" : 0.05798557625201393,
    "sentKBytesPerSec" : 0.07008875860591347
  },
  "MA_ActivityLog_UF3_ApplyFilter-/cms/activityLogDetails?limit=25&fleetType=Long%20Regional" : {
    "transaction" : "MA_ActivityLog_UF3_ApplyFilter-/cms/activityLogDetails?limit=25&fleetType=Long%20Regional",
    "sampleCount" : 57,
    "errorCount" : 0,
    "errorPct" : 0.0,
    "meanResTime" : 2410.8070175438593,
    "medianResTime" : 2105.0,
    "minResTime" : 1842.0,
    "maxResTime" : 4704.0,
    "pct1ResTime" : 3873.4000000000005,
    "pct2ResTime" : 4043.0999999999995,
    "pct3ResTime" : 4704.0,
    "throughput" : 0.02715080845104638,
    "receivedKBytesPerSec" : 0.06656850920031342,
    "sentKBytesPerSec" : 0.07037496248901463
  },
  "MA_ActivityLog_UF1_Home-/cms/activityLogDetails?limit=25" : {
    "transaction" : "MA_ActivityLog_UF1_Home-/cms/activityLogDetails?limit=25",
    "sampleCount" : 62,
    "errorCount" : 0,
    "errorPct" : 0.0,
    "meanResTime" : 2240.2258064516136,
    "medianResTime" : 1967.5,
    "minResTime" : 1762.0,
    "maxResTime" : 4399.0,
    "pct1ResTime" : 3463.0000000000005,
    "pct2ResTime" : 3878.249999999998,
    "pct3ResTime" : 4399.0,
    "throughput" : 0.029262426383758786,
    "receivedKBytesPerSec" : 0.07425672552032843,
    "sentKBytesPerSec" : 0.075104344001297
  }
}