{
  "AAELogicBuilder_UF5_ActionDisable" : {
    "transaction" : "AAELogicBuilder_UF5_ActionDisable",
    "sampleCount" : 30,
    "errorCount" : 0,
    "errorPct" : 0.0,
    "meanResTime" : 261.0333333333333,
    "medianResTime" : 220.0,
    "minResTime" : 179.0,
    "maxResTime" : 1219.0,
    "pct1ResTime" : 305.5,
    "pct2ResTime" : 723.9999999999993,
    "pct3ResTime" : 1219.0,
    "throughput" : 0.023122723856870336,
    "receivedKBytesPerSec" : 0.13506244941904158,
    "sentKBytesPerSec" : 0.12327302156194
  },
  "AAEM-AAELogi-DisableCL/cms/customLogicRules/false/false/true" : {
    "transaction" : "AAEM-AAELogi-DisableCL/cms/customLogicRules/false/false/true",
    "sampleCount" : 30,
    "errorCount" : 0,
    "errorPct" : 0.0,
    "meanResTime" : 118.53333333333333,
    "medianResTime" : 79.5,
    "minResTime" : 56.0,
    "maxResTime" : 1077.0,
    "pct1ResTime" : 143.0,
    "pct2ResTime" : 571.5499999999993,
    "pct3ResTime" : 1077.0,
    "throughput" : 0.023125183556144475,
    "receivedKBytesPerSec" : 0.012078241216091736,
    "sentKBytesPerSec" : 0.06387503907192471
  },
  "AAEM-AAELogi-EditCL/cms/customLogicalarmdetails" : {
    "transaction" : "AAEM-AAELogi-EditCL/cms/customLogicalarmdetails",
    "sampleCount" : 20,
    "errorCount" : 0,
    "errorPct" : 0.0,
    "meanResTime" : 143.34999999999997,
    "medianResTime" : 131.0,
    "minResTime" : 117.0,
    "maxResTime" : 260.0,
    "pct1ResTime" : 237.0000000000002,
    "pct2ResTime" : 259.3,
    "pct3ResTime" : 260.0,
    "throughput" : 0.0280415238885742,
    "receivedKBytesPerSec" : 0.1473823062190492,
    "sentKBytesPerSec" : 0.072447905858996
  },
  "AAEM_AAELogic_UF4_ApplyFilter" : {
    "transaction" : "AAEM_AAELogic_UF4_ApplyFilter",
    "sampleCount" : 30,
    "errorCount" : 0,
    "errorPct" : 0.0,
    "meanResTime" : 334.1333333333334,
    "medianResTime" : 283.5,
    "minResTime" : 236.0,
    "maxResTime" : 1613.0,
    "pct1ResTime" : 353.9,
    "pct2ResTime" : 958.4999999999992,
    "pct3ResTime" : 1613.0,
    "throughput" : 0.02311588222920322,
    "receivedKBytesPerSec" : 0.144769984691507,
    "sentKBytesPerSec" : 0.11910322873974521
  },
  "Total" : {
    "transaction" : "Total",
    "sampleCount" : 207,
    "errorCount" : 0,
    "errorPct" : 0.0,
    "meanResTime" : 22357.22222222222,
    "medianResTime" : 153.0,
    "minResTime" : 56.0,
    "maxResTime" : 453473.0,
    "pct1ResTime" : 2348.0,
    "pct2ResTime" : 273264.19999999745,
    "pct3ResTime" : 453467.84,
    "throughput" : 0.12544070896422335,
    "receivedKBytesPerSec" : 24.20407086631202,
    "sentKBytesPerSec" : 0.37422896288863894
  },
  "AAEM_AAELogic-ApplyFilter-clear/cms/customLogicalarmdetails-38" : {
    "transaction" : "AAEM_AAELogic-ApplyFilter-clear/cms/customLogicalarmdetails-38",
    "sampleCount" : 25,
    "errorCount" : 0,
    "errorPct" : 0.0,
    "meanResTime" : 149.39999999999998,
    "medianResTime" : 149.0,
    "minResTime" : 120.0,
    "maxResTime" : 215.0,
    "pct1ResTime" : 173.0,
    "pct2ResTime" : 202.39999999999998,
    "pct3ResTime" : 215.0,
    "throughput" : 0.02367782997423852,
    "receivedKBytesPerSec" : 0.12692056798378543,
    "sentKBytesPerSec" : 0.06082612540725868
  },
  "AAEM-AAELogi-DisableCL/cms/customLogicalarmdetails" : {
    "transaction" : "AAEM-AAELogi-DisableCL/cms/customLogicalarmdetails",
    "sampleCount" : 25,
    "errorCount" : 0,
    "errorPct" : 0.0,
    "meanResTime" : 143.28000000000003,
    "medianResTime" : 138.0,
    "minResTime" : 115.0,
    "maxResTime" : 215.0,
    "pct1ResTime" : 187.20000000000005,
    "pct2ResTime" : 211.7,
    "pct3ResTime" : 215.0,
    "throughput" : 0.02367186627099931,
    "receivedKBytesPerSec" : 0.12689137471759462,
    "sentKBytesPerSec" : 0.06081357925956296
  },
  "AAEM_AAELogic-ApplyFilter/cms/customLogicalarmdetails-35" : {
    "transaction" : "AAEM_AAELogic-ApplyFilter/cms/customLogicalarmdetails-35",
    "sampleCount" : 30,
    "errorCount" : 0,
    "errorPct" : 0.0,
    "meanResTime" : 188.6333333333333,
    "medianResTime" : 134.5,
    "minResTime" : 109.0,
    "maxResTime" : 1440.0,
    "pct1ResTime" : 212.5,
    "pct2ResTime" : 772.2999999999992,
    "pct3ResTime" : 1440.0,
    "throughput" : 0.0231224921730364,
    "receivedKBytesPerSec" : 0.021824110044179373,
    "sentKBytesPerSec" : 0.0597353628362203
  },
  "AAEM-AAELogi-EditCL/cms/customLogicparameters" : {
    "transaction" : "AAEM-AAELogi-EditCL/cms/customLogicparameters",
    "sampleCount" : 20,
    "errorCount" : 0,
    "errorPct" : 0.0,
    "meanResTime" : 2414.6999999999994,
    "medianResTime" : 2349.5,
    "minResTime" : 2232.0,
    "maxResTime" : 3341.0,
    "pct1ResTime" : 2724.0000000000005,
    "pct2ResTime" : 3311.1499999999996,
    "pct3ResTime" : 3341.0,
    "throughput" : 0.02795767766754687,
    "receivedKBytesPerSec" : 36.7834769382359,
    "sentKBytesPerSec" : 0.07193095467081932
  },
  "AAEM-AAELogi-EditCL/cms/customLogicRules/true/false/false" : {
    "transaction" : "AAEM-AAELogi-EditCL/cms/customLogicRules/true/false/false",
    "sampleCount" : 20,
    "errorCount" : 0,
    "errorPct" : 0.0,
    "meanResTime" : 186.2,
    "medianResTime" : 171.0,
    "minResTime" : 139.0,
    "maxResTime" : 293.0,
    "pct1ResTime" : 248.30000000000004,
    "pct2ResTime" : 290.84999999999997,
    "pct3ResTime" : 293.0,
    "throughput" : 0.02804384374531142,
    "receivedKBytesPerSec" : 0.014644966252739533,
    "sentKBytesPerSec" : 0.09720587791953941
  },
  "AAELogicBuilder_UF5_ActionEdit" : {
    "transaction" : "AAELogicBuilder_UF5_ActionEdit",
    "sampleCount" : 30,
    "errorCount" : 0,
    "errorPct" : 0.0,
    "meanResTime" : 153517.7,
    "medianResTime" : 3605.5,
    "minResTime" : 3377.0,
    "maxResTime" : 453473.0,
    "pct1ResTime" : 453436.6,
    "pct2ResTime" : 453471.35,
    "pct3ResTime" : 453473.0,
    "throughput" : 0.016947745017786658,
    "receivedKBytesPerSec" : 22.382973459442915,
    "sentKBytesPerSec" : 0.1754588125308237
  },
  "AAEM-AAELogi-EditCL/cms/customLogicRuleSetDetails" : {
    "transaction" : "AAEM-AAELogi-EditCL/cms/customLogicRuleSetDetails",
    "sampleCount" : 27,
    "errorCount" : 0,
    "errorPct" : 0.0,
    "meanResTime" : 845.3703703703703,
    "medianResTime" : 861.0,
    "minResTime" : 759.0,
    "maxResTime" : 933.0,
    "pct1ResTime" : 903.6,
    "pct2ResTime" : 925.4,
    "pct3ResTime" : 933.0,
    "throughput" : 0.021098266347640043,
    "receivedKBytesPerSec" : 0.025978308784458545,
    "sentKBytesPerSec" : 0.05466715873163473
  }
}