{
  "MA_ActivityLog_UF6_View TCMS/cms/activityLogDetails?limit=25&machineDescription=Wheelset%20Condition(TCMS)" : {
    "transaction" : "MA_ActivityLog_UF6_View TCMS/cms/activityLogDetails?limit=25&machineDescription=Wheelset%20Condition(TCMS)",
    "sampleCount" : 35,
    "errorCount" : 0,
    "errorPct" : 0.0,
    "meanResTime" : 1625.3999999999999,
    "medianResTime" : 1469.0,
    "minResTime" : 1353.0,
    "maxResTime" : 2864.0,
    "pct1ResTime" : 2390.7999999999997,
    "pct2ResTime" : 2631.199999999999,
    "pct3ResTime" : 2864.0,
    "throughput" : 0.01632330212007048,
    "receivedKBytesPerSec" : 0.03525815039964107,
    "sentKBytesPerSec" : 0.042581319339055505
  },
  "MA_ActivityLog_UF6_View TCMS" : {
    "transaction" : "MA_ActivityLog_UF6_View TCMS",
    "sampleCount" : 35,
    "errorCount" : 0,
    "errorPct" : 0.0,
    "meanResTime" : 1625.3999999999999,
    "medianResTime" : 1469.0,
    "minResTime" : 1353.0,
    "maxResTime" : 2864.0,
    "pct1ResTime" : 2390.7999999999997,
    "pct2ResTime" : 2631.199999999999,
    "pct3ResTime" : 2864.0,
    "throughput" : 0.016321414348481784,
    "receivedKBytesPerSec" : 0.035254072834078366,
    "sentKBytesPerSec" : 0.0425763948572156
  },
  "MA_ActivityLog_UF9_View WeighBridge/cms/activityLogDetails?limit=25&machineDescription=Weighbridge" : {
    "transaction" : "MA_ActivityLog_UF9_View WeighBridge/cms/activityLogDetails?limit=25&machineDescription=Weighbridge",
    "sampleCount" : 34,
    "errorCount" : 0,
    "errorPct" : 0.0,
    "meanResTime" : 1656.5000000000005,
    "medianResTime" : 1543.0,
    "minResTime" : 1396.0,
    "maxResTime" : 2498.0,
    "pct1ResTime" : 2229.0,
    "pct2ResTime" : 2427.5,
    "pct3ResTime" : 2498.0,
    "throughput" : 0.016753918445867103,
    "receivedKBytesPerSec" : 0.03593267015944803,
    "sentKBytesPerSec" : 0.04346125052725567
  },
  "Total" : {
    "transaction" : "Total",
    "sampleCount" : 158,
    "errorCount" : 0,
    "errorPct" : 0.0,
    "meanResTime" : 1640.82911392405,
    "medianResTime" : 1505.5,
    "minResTime" : 1081.0,
    "maxResTime" : 3920.0,
    "pct1ResTime" : 2356.1,
    "pct2ResTime" : 2444.8499999999995,
    "pct3ResTime" : 3305.8099999999963,
    "throughput" : 0.07080086986486443,
    "receivedKBytesPerSec" : 0.13748782199832318,
    "sentKBytesPerSec" : 0.18396227055813044
  },
  "MA_ActivityLog_UF7_View TCMS-Upload" : {
    "transaction" : "MA_ActivityLog_UF7_View TCMS-Upload",
    "sampleCount" : 34,
    "errorCount" : 0,
    "errorPct" : 0.0,
    "meanResTime" : 1227.5882352941176,
    "medianResTime" : 1197.0,
    "minResTime" : 1081.0,
    "maxResTime" : 1695.0,
    "pct1ResTime" : 1462.0,
    "pct2ResTime" : 1642.5,
    "pct3ResTime" : 1695.0,
    "throughput" : 0.01703237001922153,
    "receivedKBytesPerSec" : 0.011564947933547707,
    "sentKBytesPerSec" : 0.044465855013703544
  },
  "MA_ActivityLog_UF7_View TCMS-Upload/cms/activityLogDetails?limit=25&machineDescription=Wheelset%20Condition(Upload)" : {
    "transaction" : "MA_ActivityLog_UF7_View TCMS-Upload/cms/activityLogDetails?limit=25&machineDescription=Wheelset%20Condition(Upload)",
    "sampleCount" : 34,
    "errorCount" : 0,
    "errorPct" : 0.0,
    "meanResTime" : 1227.5882352941176,
    "medianResTime" : 1197.0,
    "minResTime" : 1081.0,
    "maxResTime" : 1695.0,
    "pct1ResTime" : 1462.0,
    "pct2ResTime" : 1642.5,
    "pct3ResTime" : 1695.0,
    "throughput" : 0.01703237855162664,
    "receivedKBytesPerSec" : 0.011564953727035093,
    "sentKBytesPerSec" : 0.044465877288976344
  },
  "MA_ActivityLog_UF8_View UFWL" : {
    "transaction" : "MA_ActivityLog_UF8_View UFWL",
    "sampleCount" : 34,
    "errorCount" : 0,
    "errorPct" : 0.0,
    "meanResTime" : 1692.8235294117646,
    "medianResTime" : 1548.0,
    "minResTime" : 1423.0,
    "maxResTime" : 2879.0,
    "pct1ResTime" : 2371.5,
    "pct2ResTime" : 2597.0,
    "pct3ResTime" : 2879.0,
    "throughput" : 0.016753406608134864,
    "receivedKBytesPerSec" : 0.015365148966117712,
    "sentKBytesPerSec" : 0.04357396681371887
  },
  "MA_ActivityLog_UF9_View WeighBridge" : {
    "transaction" : "MA_ActivityLog_UF9_View WeighBridge",
    "sampleCount" : 34,
    "errorCount" : 0,
    "errorPct" : 0.0,
    "meanResTime" : 1656.5000000000005,
    "medianResTime" : 1543.0,
    "minResTime" : 1396.0,
    "maxResTime" : 2498.0,
    "pct1ResTime" : 2229.0,
    "pct2ResTime" : 2427.5,
    "pct3ResTime" : 2498.0,
    "throughput" : 0.016753918445867103,
    "receivedKBytesPerSec" : 0.03593267015944803,
    "sentKBytesPerSec" : 0.04346125052725567
  },
  "MA_ActivityLog_UF10_Export to csv/cms/activityLogDetails?limit=-1" : {
    "transaction" : "MA_ActivityLog_UF10_Export to csv/cms/activityLogDetails?limit=-1",
    "sampleCount" : 21,
    "errorCount" : 0,
    "errorPct" : 0.0,
    "meanResTime" : 2226.047619047619,
    "medianResTime" : 2049.0,
    "minResTime" : 1854.0,
    "maxResTime" : 3920.0,
    "pct1ResTime" : 2471.0,
    "pct2ResTime" : 3775.999999999998,
    "pct3ResTime" : 3920.0,
    "throughput" : 0.009939327505101006,
    "receivedKBytesPerSec" : 0.0492376646733582,
    "sentKBytesPerSec" : 0.025481544147889622
  },
  "MA_ActivityLog_UF8_View UFWL/cms/activityLogDetails?limit=25&machineDescription=WheelMachine(UFWL)" : {
    "transaction" : "MA_ActivityLog_UF8_View UFWL/cms/activityLogDetails?limit=25&machineDescription=WheelMachine(UFWL)",
    "sampleCount" : 34,
    "errorCount" : 0,
    "errorPct" : 0.0,
    "meanResTime" : 1692.8235294117646,
    "medianResTime" : 1548.0,
    "minResTime" : 1423.0,
    "maxResTime" : 2879.0,
    "pct1ResTime" : 2371.5,
    "pct2ResTime" : 2597.0,
    "pct3ResTime" : 2879.0,
    "throughput" : 0.016753406608134864,
    "receivedKBytesPerSec" : 0.015365148966117712,
    "sentKBytesPerSec" : 0.04357396681371887
  },
  "MA_ActivityLog_UF10_Export to csv" : {
    "transaction" : "MA_ActivityLog_UF10_Export to csv",
    "sampleCount" : 21,
    "errorCount" : 0,
    "errorPct" : 0.0,
    "meanResTime" : 2226.047619047619,
    "medianResTime" : 2049.0,
    "minResTime" : 1854.0,
    "maxResTime" : 3920.0,
    "pct1ResTime" : 2471.0,
    "pct2ResTime" : 3775.999999999998,
    "pct3ResTime" : 3920.0,
    "throughput" : 0.009939327505101006,
    "receivedKBytesPerSec" : 0.0492376646733582,
    "sentKBytesPerSec" : 0.025481544147889622
  }
}