{
  "AAEM_AAELogic-SeaarchCode/static/media/triangle.46e96035.svg-24" : {
    "transaction" : "AAEM_AAELogic-SeaarchCode/static/media/triangle.46e96035.svg-24",
    "sampleCount" : 293,
    "errorCount" : 0,
    "errorPct" : 0.0,
    "meanResTime" : 28.255972696245735,
    "medianResTime" : 21.0,
    "minResTime" : 6.0,
    "maxResTime" : 235.0,
    "pct1ResTime" : 41.60000000000002,
    "pct2ResTime" : 70.90000000000003,
    "pct3ResTime" : 182.4600000000001,
    "throughput" : 0.15977498447237992,
    "receivedKBytesPerSec" : 0.18598806786237976,
    "sentKBytesPerSec" : 0.17194694219717324
  },
  "AAEM_AAELogic-ApplyFilter-clear/static/media/cross_icon.8e849f86.svg-37" : {
    "transaction" : "AAEM_AAELogic-ApplyFilter-clear/static/media/cross_icon.8e849f86.svg-37",
    "sampleCount" : 368,
    "errorCount" : 0,
    "errorPct" : 0.0,
    "meanResTime" : 28.589673913043463,
    "medianResTime" : 21.0,
    "minResTime" : 5.0,
    "maxResTime" : 280.0,
    "pct1ResTime" : 40.10000000000002,
    "pct2ResTime" : 51.0,
    "pct3ResTime" : 237.27000000000004,
    "throughput" : 0.20063308461373225,
    "receivedKBytesPerSec" : 0.2650943002757615,
    "sentKBytesPerSec" : 0.21336911556929092
  },
  "AAEM_AAELogic-ApplyFilter-clear/cms/customLogicalarmdetails-38" : {
    "transaction" : "AAEM_AAELogic-ApplyFilter-clear/cms/customLogicalarmdetails-38",
    "sampleCount" : 367,
    "errorCount" : 0,
    "errorPct" : 0.0,
    "meanResTime" : 343.675749318801,
    "medianResTime" : 56.0,
    "minResTime" : 31.0,
    "maxResTime" : 28882.0,
    "pct1ResTime" : 260.4,
    "pct2ResTime" : 385.1999999999996,
    "pct3ResTime" : 13715.88,
    "throughput" : 0.20013469555804586,
    "receivedKBytesPerSec" : 1.0914409911098204,
    "sentKBytesPerSec" : 0.5149982370628188
  },
  "AAEM_AAELogic-ApplyFilter/cms/customLogicalarmdetails-35" : {
    "transaction" : "AAEM_AAELogic-ApplyFilter/cms/customLogicalarmdetails-35",
    "sampleCount" : 369,
    "errorCount" : 0,
    "errorPct" : 0.0,
    "meanResTime" : 432.77777777777766,
    "medianResTime" : 54.0,
    "minResTime" : 24.0,
    "maxResTime" : 30247.0,
    "pct1ResTime" : 295.0,
    "pct2ResTime" : 416.5,
    "pct3ResTime" : 16975.600000000053,
    "throughput" : 0.199942130570339,
    "receivedKBytesPerSec" : 0.1824722758087903,
    "sentKBytesPerSec" : 0.5174204280102669
  },
  "AAEM_AAELogic-ApplyFilter" : {
    "transaction" : "AAEM_AAELogic-ApplyFilter",
    "sampleCount" : 372,
    "errorCount" : 0,
    "errorPct" : 0.0,
    "meanResTime" : 925.793010752688,
    "medianResTime" : 203.5,
    "minResTime" : 0.0,
    "maxResTime" : 30567.0,
    "pct1ResTime" : 567.7,
    "pct2ResTime" : 930.6499999999974,
    "pct3ResTime" : 24718.529999999955,
    "throughput" : 0.2000645369474024,
    "receivedKBytesPerSec" : 1.7819277219802085,
    "sentKBytesPerSec" : 1.4435388893930836
  },
  "AAEM_AAELogic-Home/cms/customLogicalarmdetails" : {
    "transaction" : "AAEM_AAELogic-Home/cms/customLogicalarmdetails",
    "sampleCount" : 1505,
    "errorCount" : 0,
    "errorPct" : 0.0,
    "meanResTime" : 393.83521594684413,
    "medianResTime" : 53.0,
    "minResTime" : 32.0,
    "maxResTime" : 34699.0,
    "pct1ResTime" : 299.8000000000002,
    "pct2ResTime" : 419.10000000000014,
    "pct3ResTime" : 13593.880000000001,
    "throughput" : 0.7817028552670672,
    "receivedKBytesPerSec" : 4.263216410539951,
    "sentKBytesPerSec" : 2.0115832992041693
  },
  "AAELogicBuilder-Home" : {
    "transaction" : "AAELogicBuilder-Home",
    "sampleCount" : 1510,
    "errorCount" : 0,
    "errorPct" : 0.0,
    "meanResTime" : 436.0781456953641,
    "medianResTime" : 79.0,
    "minResTime" : 0.0,
    "maxResTime" : 34719.0,
    "pct1ResTime" : 345.0,
    "pct2ResTime" : 459.8000000000002,
    "pct3ResTime" : 13613.67,
    "throughput" : 0.7833681093436621,
    "receivedKBytesPerSec" : 5.158135810382636,
    "sentKBytesPerSec" : 2.81500825324994
  },
  "AAEM_AAELogic-SeaarchCode_Clear/cms/customLogicalarmdetails" : {
    "transaction" : "AAEM_AAELogic-SeaarchCode_Clear/cms/customLogicalarmdetails",
    "sampleCount" : 295,
    "errorCount" : 0,
    "errorPct" : 0.0,
    "meanResTime" : 128.62033898305086,
    "medianResTime" : 56.0,
    "minResTime" : 31.0,
    "maxResTime" : 1092.0,
    "pct1ResTime" : 313.20000000000044,
    "pct2ResTime" : 440.5999999999999,
    "pct3ResTime" : 929.0400000000011,
    "throughput" : 0.16008100641572115,
    "receivedKBytesPerSec" : 0.8729480972608783,
    "sentKBytesPerSec" : 0.4119197801178847
  },
  "AAEM_AAELogic-Home/train.png" : {
    "transaction" : "AAEM_AAELogic-Home/train.png",
    "sampleCount" : 1501,
    "errorCount" : 0,
    "errorPct" : 0.0,
    "meanResTime" : 28.689540306462355,
    "medianResTime" : 21.0,
    "minResTime" : 5.0,
    "maxResTime" : 354.0,
    "pct1ResTime" : 39.799999999999955,
    "pct2ResTime" : 53.899999999999864,
    "pct3ResTime" : 230.84000000000015,
    "throughput" : 0.7801585057547734,
    "receivedKBytesPerSec" : 0.9051057664420614,
    "sentKBytesPerSec" : 0.8091924354056305
  },
  "AAEM_AAELogic-SeaarchCode/static/media/drop_down_up_icon.dd969bb4.svg" : {
    "transaction" : "AAEM_AAELogic-SeaarchCode/static/media/drop_down_up_icon.dd969bb4.svg",
    "sampleCount" : 292,
    "errorCount" : 0,
    "errorPct" : 0.0,
    "meanResTime" : 28.828767123287687,
    "medianResTime" : 21.0,
    "minResTime" : 6.0,
    "maxResTime" : 395.0,
    "pct1ResTime" : 37.0,
    "pct2ResTime" : 49.349999999999966,
    "pct3ResTime" : 217.44999999999908,
    "throughput" : 0.16109864864715756,
    "receivedKBytesPerSec" : 0.18689960409455386,
    "sentKBytesPerSec" : 0.17479651640723531
  },
  "Total" : {
    "transaction" : "Total",
    "sampleCount" : 5970,
    "errorCount" : 0,
    "errorPct" : 0.0,
    "meanResTime" : 234.5450586264659,
    "medianResTime" : 42.0,
    "minResTime" : 0.0,
    "maxResTime" : 35997.0,
    "pct1ResTime" : 189.0,
    "pct2ResTime" : 320.4499999999998,
    "pct3ResTime" : 2050.74,
    "throughput" : 3.0912189188811343,
    "receivedKBytesPerSec" : 9.19598945655517,
    "sentKBytesPerSec" : 5.748160434294252
  },
  "AAELogicBuilder-searchByAAECode" : {
    "transaction" : "AAELogicBuilder-searchByAAECode",
    "sampleCount" : 297,
    "errorCount" : 0,
    "errorPct" : 0.0,
    "meanResTime" : 1330.7205387205381,
    "medianResTime" : 339.0,
    "minResTime" : 0.0,
    "maxResTime" : 36990.0,
    "pct1ResTime" : 759.5999999999999,
    "pct2ResTime" : 1616.799999999991,
    "pct3ResTime" : 27776.399999999907,
    "throughput" : 0.15946642641107653,
    "receivedKBytesPerSec" : 2.3781302291363415,
    "sentKBytesPerSec" : 1.5802339074147056
  },
  "AAEM_AAELogic-ApplyFilter/static/media/cross_icon.8e849f86.svg-33" : {
    "transaction" : "AAEM_AAELogic-ApplyFilter/static/media/cross_icon.8e849f86.svg-33",
    "sampleCount" : 370,
    "errorCount" : 0,
    "errorPct" : 0.0,
    "meanResTime" : 32.45945945945947,
    "medianResTime" : 18.0,
    "minResTime" : 13.0,
    "maxResTime" : 1242.0,
    "pct1ResTime" : 42.0,
    "pct2ResTime" : 76.89999999999998,
    "pct3ResTime" : 325.10000000000184,
    "throughput" : 0.20035446495340137,
    "receivedKBytesPerSec" : 0.26472616316596875,
    "sentKBytesPerSec" : 0.21305429822599659
  },
  "AAELogicBuilder-searchAAECode-/customLogicalarmdetails?limit=20&search=CL05133" : {
    "transaction" : "AAELogicBuilder-searchAAECode-/customLogicalarmdetails?limit=20&search=CL05133",
    "sampleCount" : 295,
    "errorCount" : 0,
    "errorPct" : 0.0,
    "meanResTime" : 535.0067796610166,
    "medianResTime" : 53.0,
    "minResTime" : 36.0,
    "maxResTime" : 32139.0,
    "pct1ResTime" : 298.0,
    "pct2ResTime" : 480.3999999999999,
    "pct3ResTime" : 23853.28000000001,
    "throughput" : 0.15997917559205854,
    "receivedKBytesPerSec" : 0.14927082373006362,
    "sentKBytesPerSec" : 0.413060638886328
  },