{
  "MA_SU_UFWL_UF6_Export-Excel" : {
    "transaction" : "MA_SU_UFWL_UF6_Export-Excel",
    "sampleCount" : 25,
    "errorCount" : 0,
    "errorPct" : 0.0,
    "meanResTime" : 850.1999999999999,
    "medianResTime" : 818.0,
    "minResTime" : 761.0,
    "maxResTime" : 1217.0,
    "pct1ResTime" : 958.8000000000001,
    "pct2ResTime" : 1144.3999999999999,
    "pct3ResTime" : 1217.0,
    "throughput" : 0.011536697311211179,
    "receivedKBytesPerSec" : 0.04339420537074792,
    "sentKBytesPerSec" : 0.060669508289809215
  },
  "MA_SU_UFWL_UF6_Export-Excel/serviceNotification?limit=-1&functionalLocation=TFNSW-PL-1076-WKS3&isSnOnly=false&sort=-snCreatedDateTime&state=Submitted&filter=equipment=11416834" : {
    "transaction" : "MA_SU_UFWL_UF6_Export-Excel/serviceNotification?limit=-1&functionalLocation=TFNSW-PL-1076-WKS3&isSnOnly=false&sort=-snCreatedDateTime&state=Submitted&filter=equipment=11416834",
    "sampleCount" : 25,
    "errorCount" : 0,
    "errorPct" : 0.0,
    "meanResTime" : 651.28,
    "medianResTime" : 627.0,
    "minResTime" : 574.0,
    "maxResTime" : 1014.0,
    "pct1ResTime" : 759.2,
    "pct2ResTime" : 942.5999999999998,
    "pct3ResTime" : 1014.0,
    "throughput" : 0.011537671651709998,
    "receivedKBytesPerSec" : 0.021364973619113766,
    "sentKBytesPerSec" : 0.03098360597812919
  },
  "MA_SU_UFWL_UF4_Home" : {
    "transaction" : "MA_SU_UFWL_UF4_Home",
    "sampleCount" : 138,
    "errorCount" : 0,
    "errorPct" : 0.0,
    "meanResTime" : 1111.159420289856,
    "medianResTime" : 992.5,
    "minResTime" : 905.0,
    "maxResTime" : 6771.0,
    "pct1ResTime" : 1136.4000000000003,
    "pct2ResTime" : 1372.7999999999997,
    "pct3ResTime" : 5829.149999999964,
    "throughput" : 0.06238125524646699,
    "receivedKBytesPerSec" : 0.25919439807287126,
    "sentKBytesPerSec" : 0.6470642612816274
  },
  "MA_SU_UFWL_UF4_Home-/ufwlAAELogDetails?limit=10&sort=" : {
    "transaction" : "MA_SU_UFWL_UF4_Home-/ufwlAAELogDetails?limit=10&sort=",
    "sampleCount" : 138,
    "errorCount" : 0,
    "errorPct" : 0.0,
    "meanResTime" : 195.33333333333334,
    "medianResTime" : 194.0,
    "minResTime" : 165.0,
    "maxResTime" : 248.0,
    "pct1ResTime" : 212.10000000000002,
    "pct2ResTime" : 225.09999999999997,
    "pct3ResTime" : 243.70999999999984,
    "throughput" : 0.06244129161169118,
    "receivedKBytesPerSec" : 0.07406640441889781,
    "sentKBytesPerSec" : 0.15879553251223036
  },
  "MA_SU_UFWL_UF5_UtilHoursGraph-Week-Month" : {
    "transaction" : "MA_SU_UFWL_UF5_UtilHoursGraph-Week-Month",
    "sampleCount" : 99,
    "errorCount" : 0,
    "errorPct" : 0.0,
    "meanResTime" : 210.82828282828288,
    "medianResTime" : 136.0,
    "minResTime" : 116.0,
    "maxResTime" : 3262.0,
    "pct1ResTime" : 165.0,
    "pct2ResTime" : 186.0,
    "pct3ResTime" : 3262.0,
    "throughput" : 0.04438954289980294,
    "receivedKBytesPerSec" : 0.023462843934886367,
    "sentKBytesPerSec" : 0.11565950768521985
  },
  "MA_SU_UFWL_UF5_UtilHoursGraph-Week-Month/ufwlUtilisationHoursGraphDetails?viewType=Week&numberOfRecords=10-UF5" : {
    "transaction" : "MA_SU_UFWL_UF5_UtilHoursGraph-Week-Month/ufwlUtilisationHoursGraphDetails?viewType=Week&numberOfRecords=10-UF5",
    "sampleCount" : 99,
    "errorCount" : 0,
    "errorPct" : 0.0,
    "meanResTime" : 210.82828282828288,
    "medianResTime" : 136.0,
    "minResTime" : 116.0,
    "maxResTime" : 3262.0,
    "pct1ResTime" : 165.0,
    "pct2ResTime" : 186.0,
    "pct3ResTime" : 3262.0,
    "throughput" : 0.044393603554358174,
    "receivedKBytesPerSec" : 0.023464990262554535,
    "sentKBytesPerSec" : 0.11567008795426652
  },
  "MA_SU_UFWL_UF4_Home-/ufwlUtilisationStatusDetails" : {
    "transaction" : "MA_SU_UFWL_UF4_Home-/ufwlUtilisationStatusDetails",
    "sampleCount" : 138,
    "errorCount" : 0,
    "errorPct" : 0.0,
    "meanResTime" : 204.49999999999991,
    "medianResTime" : 102.0,
    "minResTime" : 79.0,
    "maxResTime" : 5878.0,
    "pct1ResTime" : 166.0,
    "pct2ResTime" : 238.69999999999771,
    "pct3ResTime" : 4880.769999999962,
    "throughput" : 0.062413220748325476,
    "receivedKBytesPerSec" : 0.03803747308995192,
    "sentKBytesPerSec" : 0.16037024777596365
  },
  "Total" : {
    "transaction" : "Total",
    "sampleCount" : 701,
    "errorCount" : 0,
    "errorPct" : 0.0,
    "meanResTime" : 278.84022824536385,
    "medianResTime" : 165.0,
    "minResTime" : 79.0,
    "maxResTime" : 5878.0,
    "pct1ResTime" : 599.6000000000001,
    "pct2ResTime" : 644.0,
    "pct3ResTime" : 1182.5600000000031,
    "throughput" : 0.31434103625818477,
    "receivedKBytesPerSec" : 0.32275062587945985,
    "sentKBytesPerSec" : 0.8165057287364657
  },
  "MA_SU_UFWL_UF4_Home-/serviceNotification?limit=10&functionalLocation=TFNSW-PL-1076-WKS3&isSnOnly=false&sort=-snCreatedDateTime&state=Submitted&filter=equipment=11416834" : {
    "transaction" : "MA_SU_UFWL_UF4_Home-/serviceNotification?limit=10&functionalLocation=TFNSW-PL-1076-WKS3&isSnOnly=false&sort=-snCreatedDateTime&state=Submitted&filter=equipment=11416834",
    "sampleCount" : 138,
    "errorCount" : 0,
    "errorPct" : 0.0,
    "meanResTime" : 598.4855072463768,
    "medianResTime" : 578.0,
    "minResTime" : 525.0,
    "maxResTime" : 945.0,
    "pct1ResTime" : 667.6,
    "pct2ResTime" : 756.05,
    "pct3ResTime" : 939.1499999999997,
    "throughput" : 0.06242962530010328,
    "receivedKBytesPerSec" : 0.11570810095639471,
    "sentKBytesPerSec" : 0.16577877041573155
  },
  "MA_SU_UFWL_UF4_Home-/ufwlUtilisationHoursGraphDetails?viewType=Day&numberOfRecords=10" : {
    "transaction" : "MA_SU_UFWL_UF4_Home-/ufwlUtilisationHoursGraphDetails?viewType=Day&numberOfRecords=10",
    "sampleCount" : 138,
    "errorCount" : 0,
    "errorPct" : 0.0,
    "meanResTime" : 112.84057971014492,
    "medianResTime" : 110.5,
    "minResTime" : 97.0,
    "maxResTime" : 190.0,
    "pct1ResTime" : 126.10000000000001,
    "pct2ResTime" : 129.14999999999995,
    "pct3ResTime" : 178.29999999999956,
    "throughput" : 0.06244360844418582,
    "receivedKBytesPerSec" : 0.03159431301057831,
    "sentKBytesPerSec" : 0.16264537935397108
  },
  "MA_SU_UFWL_UF6_Export-Excel/ufwlAAELogDetails?limit=-1&sort=" : {
    "transaction" : "MA_SU_UFWL_UF6_Export-Excel/ufwlAAELogDetails?limit=-1&sort=",
    "sampleCount" : 25,
    "errorCount" : 0,
    "errorPct" : 0.0,
    "meanResTime" : 198.92000000000002,
    "medianResTime" : 197.0,
    "minResTime" : 180.0,
    "maxResTime" : 242.0,
    "pct1ResTime" : 223.80000000000004,
    "pct2ResTime" : 240.5,
    "pct3ResTime" : 242.0,
    "throughput" : 0.011540307987739576,
    "receivedKBytesPerSec" : 0.02203793111705565,
    "sentKBytesPerSec" : 0.029697810543917794
  }
}