{
  "AAEMonitor(Alarms)-Acknowledged" : {
    "transaction" : "AAEMonitor(Alarms)-Acknowledged",
    "sampleCount" : 124,
    "errorCount" : 0,
    "errorPct" : 0.0,
    "meanResTime" : 1075.3225806451608,
    "medianResTime" : 434.0,
    "minResTime" : 0.0,
    "maxResTime" : 40288.0,
    "pct1ResTime" : 860.0,
    "pct2ResTime" : 1486.75,
    "pct3ResTime" : 37802.25,
    "throughput" : 0.05482344639637529,
    "receivedKBytesPerSec" : 0.11140071114631404,
    "sentKBytesPerSec" : 0.13775936616027193
  },
  "AAEMonitor(Alarms)-UnAcknowledged-/alarms?limit=20&filter=typeId=4399&isAcknowledged=false&isIsolated=false" : {
    "transaction" : "AAEMonitor(Alarms)-UnAcknowledged-/alarms?limit=20&filter=typeId=4399&isAcknowledged=false&isIsolated=false",
    "sampleCount" : 237,
    "errorCount" : 1,
    "errorPct" : 0.42194092,
    "meanResTime" : 1051.1097046413495,
    "medianResTime" : 399.0,
    "minResTime" : 328.0,
    "maxResTime" : 41854.0,
    "pct1ResTime" : 784.4000000000001,
    "pct2ResTime" : 1683.7999999999988,
    "pct3ResTime" : 31963.020000000055,
    "throughput" : 0.10861535133628962,
    "receivedKBytesPerSec" : 1.376835902340363,
    "sentKBytesPerSec" : 0.2830073302186239
  },
  "Total" : {
    "transaction" : "Total",
    "sampleCount" : 495,
    "errorCount" : 1,
    "errorPct" : 0.2020202,
    "meanResTime" : 1037.5777777777782,
    "medianResTime" : 404.0,
    "minResTime" : 0.0,
    "maxResTime" : 41854.0,
    "pct1ResTime" : 764.6000000000005,
    "pct2ResTime" : 1472.9999999999998,
    "pct3ResTime" : 30638.320000000127,
    "throughput" : 0.22685474376183828,
    "receivedKBytesPerSec" : 1.6166506498242679,
    "sentKBytesPerSec" : 0.5667380913003268
  },
  "AAEMonitor(Alarms)-Isolated/alarms?limit=20&filter=typeId=4399&isIsolated=true" : {
    "transaction" : "AAEMonitor(Alarms)-Isolated/alarms?limit=20&filter=typeId=4399&isIsolated=true",
    "sampleCount" : 119,
    "errorCount" : 0,
    "errorPct" : 0.0,
    "meanResTime" : 1102.0840336134447,
    "medianResTime" : 455.0,
    "minResTime" : 331.0,
    "maxResTime" : 40258.0,
    "pct1ResTime" : 754.0,
    "pct2ResTime" : 1337.0,
    "pct3ResTime" : 38284.799999999974,
    "throughput" : 0.05478122725600833,
    "receivedKBytesPerSec" : 0.12489819510242017,
    "sentKBytesPerSec" : 0.14156552375686896
  },
  "AAEMonitor(Alarms)-Isolated" : {
    "transaction" : "AAEMonitor(Alarms)-Isolated",
    "sampleCount" : 124,
    "errorCount" : 0,
    "errorPct" : 0.0,
    "meanResTime" : 1057.6451612903222,
    "medianResTime" : 438.0,
    "minResTime" : 0.0,
    "maxResTime" : 40258.0,
    "pct1ResTime" : 734.5,
    "pct2ResTime" : 1329.0,
    "pct3ResTime" : 37791.5,
    "throughput" : 0.05480793795741423,
    "receivedKBytesPerSec" : 0.11992042089070856,
    "sentKBytesPerSec" : 0.13592347894712184
  },
  "AAEMonitor(Alarms)-UnAcknowledged" : {
    "transaction" : "AAEMonitor(Alarms)-UnAcknowledged",
    "sampleCount" : 247,
    "errorCount" : 1,
    "errorPct" : 0.4048583,
    "meanResTime" : 1008.5546558704455,
    "medianResTime" : 398.0,
    "minResTime" : 0.0,
    "maxResTime" : 41854.0,
    "pct1ResTime" : 775.2000000000002,
    "pct2ResTime" : 1617.7999999999993,
    "pct3ResTime" : 30755.920000000122,
    "throughput" : 0.10870541097686995,
    "receivedKBytesPerSec" : 1.3221889577032528,
    "sentKBytesPerSec" : 0.271774701929323
  },
  "AAEMonitor(Alarms)-Acknowledged/alarms?limit=20&filter=typeId=4399&isAcknowledged=true&isIsolated=false&isActive=true" : {
    "transaction" : "AAEMonitor(Alarms)-Acknowledged/alarms?limit=20&filter=typeId=4399&isAcknowledged=true&isIsolated=false&isActive=true",
    "sampleCount" : 119,
    "errorCount" : 0,
    "errorPct" : 0.0,
    "meanResTime" : 1120.5042016806717,
    "medianResTime" : 441.0,
    "minResTime" : 330.0,
    "maxResTime" : 40288.0,
    "pct1ResTime" : 860.0,
    "pct2ResTime" : 1493.0,
    "pct3ResTime" : 38299.39999999997,
    "throughput" : 0.05479848203599846,
    "receivedKBytesPerSec" : 0.11602855455649379,
    "sentKBytesPerSec" : 0.14348220911446113
  }
}