{
  "MA_SU_UFWL_UF6_Export-Excel" : {
    "transaction" : "MA_SU_UFWL_UF6_Export-Excel",
    "sampleCount" : 23,
    "errorCount" : 0,
    "errorPct" : 0.0,
    "meanResTime" : 1026.5217391304348,
    "medianResTime" : 999.0,
    "minResTime" : 932.0,
    "maxResTime" : 1196.0,
    "pct1ResTime" : 1173.4,
    "pct2ResTime" : 1192.6,
    "pct3ResTime" : 1196.0,
    "throughput" : 0.011756575503794818,
    "receivedKBytesPerSec" : 0.04329047443916023,
    "sentKBytesPerSec" : 0.061818861393552894
  },
  "MA_SU_UFWL_UF6_Export-Excel/serviceNotification?limit=-1&functionalLocation=TFNSW-PL-1076-WKS3&isSnOnly=false&sort=-snCreatedDateTime&state=Submitted&filter=equipment=11416834" : {
    "transaction" : "MA_SU_UFWL_UF6_Export-Excel/serviceNotification?limit=-1&functionalLocation=TFNSW-PL-1076-WKS3&isSnOnly=false&sort=-snCreatedDateTime&state=Submitted&filter=equipment=11416834",
    "sampleCount" : 23,
    "errorCount" : 0,
    "errorPct" : 0.0,
    "meanResTime" : 768.9565217391303,
    "medianResTime" : 736.0,
    "minResTime" : 694.0,
    "maxResTime" : 943.0,
    "pct1ResTime" : 889.2000000000002,
    "pct2ResTime" : 939.1999999999999,
    "pct3ResTime" : 943.0,
    "throughput" : 0.011758619067776682,
    "receivedKBytesPerSec" : 0.021762831401341096,
    "sentKBytesPerSec" : 0.03157482785765118
  },
  "MA_SU_UFWL_UF4_Home" : {
    "transaction" : "MA_SU_UFWL_UF4_Home",
    "sampleCount" : 127,
    "errorCount" : 0,
    "errorPct" : 0.0,
    "meanResTime" : 1414.40157480315,
    "medianResTime" : 1262.0,
    "minResTime" : 1139.0,
    "maxResTime" : 11330.0,
    "pct1ResTime" : 1490.0,
    "pct2ResTime" : 1802.7999999999995,
    "pct3ResTime" : 9046.31999999999,
    "throughput" : 0.06345209366927969,
    "receivedKBytesPerSec" : 0.26359639487811704,
    "sentKBytesPerSec" : 0.6581271374487262
  },
  "MA_SU_UFWL_UF4_Home-/ufwlAAELogDetails?limit=10&sort=" : {
    "transaction" : "MA_SU_UFWL_UF4_Home-/ufwlAAELogDetails?limit=10&sort=",
    "sampleCount" : 126,
    "errorCount" : 0,
    "errorPct" : 0.0,
    "meanResTime" : 266.26190476190453,
    "medianResTime" : 249.0,
    "minResTime" : 215.0,
    "maxResTime" : 1889.0,
    "pct1ResTime" : 279.3,
    "pct2ResTime" : 303.9,
    "pct3ResTime" : 1485.620000000006,
    "throughput" : 0.0636963926609623,
    "receivedKBytesPerSec" : 0.07558318692009743,
    "sentKBytesPerSec" : 0.16197596131000225
  },
  "MA_SU_UFWL_UF5_UtilHoursGraph-Week-Month" : {
    "transaction" : "MA_SU_UFWL_UF5_UtilHoursGraph-Week-Month",
    "sampleCount" : 88,
    "errorCount" : 0,
    "errorPct" : 0.0,
    "meanResTime" : 189.75000000000003,
    "medianResTime" : 165.0,
    "minResTime" : 138.0,
    "maxResTime" : 1273.0,
    "pct1ResTime" : 203.20000000000002,
    "pct2ResTime" : 245.1,
    "pct3ResTime" : 1273.0,
    "throughput" : 0.044134809776462204,
    "receivedKBytesPerSec" : 0.02298720661009052,
    "sentKBytesPerSec" : 0.1149835414460971
  },
  "MA_SU_UFWL_UF5_UtilHoursGraph-Week-Month/ufwlUtilisationHoursGraphDetails?viewType=Week&numberOfRecords=10-UF5" : {
    "transaction" : "MA_SU_UFWL_UF5_UtilHoursGraph-Week-Month/ufwlUtilisationHoursGraphDetails?viewType=Week&numberOfRecords=10-UF5",
    "sampleCount" : 88,
    "errorCount" : 0,
    "errorPct" : 0.0,
    "meanResTime" : 189.75000000000003,
    "medianResTime" : 165.0,
    "minResTime" : 138.0,
    "maxResTime" : 1273.0,
    "pct1ResTime" : 203.20000000000002,
    "pct2ResTime" : 245.1,
    "pct3ResTime" : 1273.0,
    "throughput" : 0.04413782034402422,
    "receivedKBytesPerSec" : 0.02298877463630185,
    "sentKBytesPerSec" : 0.11499138481784371
  },
  "MA_SU_UFWL_UF4_Home-/ufwlUtilisationStatusDetails" : {
    "transaction" : "MA_SU_UFWL_UF4_Home-/ufwlUtilisationStatusDetails",
    "sampleCount" : 127,
    "errorCount" : 0,
    "errorPct" : 0.0,
    "meanResTime" : 166.4330708661418,
    "medianResTime" : 127.0,
    "minResTime" : 100.0,
    "maxResTime" : 2051.0,
    "pct1ResTime" : 189.4,
    "pct2ResTime" : 317.5999999999994,
    "pct3ResTime" : 1823.9199999999992,
    "throughput" : 0.06349780932557826,
    "receivedKBytesPerSec" : 0.038596812941203526,
    "sentKBytesPerSec" : 0.1631491565103504
  },
  "Total" : {
    "transaction" : "Total",
    "sampleCount" : 641,
    "errorCount" : 0,
    "errorPct" : 0.0,
    "meanResTime" : 342.7316692667708,
    "medianResTime" : 219.0,
    "minResTime" : 100.0,
    "maxResTime" : 6315.0,
    "pct1ResTime" : 757.0,
    "pct2ResTime" : 832.9,
    "pct3ResTime" : 1259.1400000000012,
    "throughput" : 0.32032990482054025,
    "receivedKBytesPerSec" : 0.32829100950520274,
    "sentKBytesPerSec" : 0.8320113269853708
  },
  "MA_SU_UFWL_UF4_Home-/serviceNotification?limit=10&functionalLocation=TFNSW-PL-1076-WKS3&isSnOnly=false&sort=-snCreatedDateTime&state=Submitted&filter=equipment=11416834" : {
    "transaction" : "MA_SU_UFWL_UF4_Home-/serviceNotification?limit=10&functionalLocation=TFNSW-PL-1076-WKS3&isSnOnly=false&sort=-snCreatedDateTime&state=Submitted&filter=equipment=11416834",
    "sampleCount" : 127,
    "errorCount" : 0,
    "errorPct" : 0.0,
    "meanResTime" : 802.7559055118113,
    "medianResTime" : 740.0,
    "minResTime" : 644.0,
    "maxResTime" : 6315.0,
    "pct1ResTime" : 892.8,
    "pct2ResTime" : 952.7999999999998,
    "pct3ResTime" : 4851.9999999999945,
    "throughput" : 0.06351092387890717,
    "receivedKBytesPerSec" : 0.11766672305136484,
    "sentKBytesPerSec" : 0.16863838080149787
  },
  "MA_SU_UFWL_UF4_Home-/ufwlUtilisationHoursGraphDetails?viewType=Day&numberOfRecords=10" : {
    "transaction" : "MA_SU_UFWL_UF4_Home-/ufwlUtilisationHoursGraphDetails?viewType=Day&numberOfRecords=10",
    "sampleCount" : 127,
    "errorCount" : 0,
    "errorPct" : 0.0,
    "meanResTime" : 179.11023622047236,
    "medianResTime" : 138.0,
    "minResTime" : 121.0,
    "maxResTime" : 2680.0,
    "pct1ResTime" : 184.00000000000003,
    "pct2ResTime" : 258.79999999999967,
    "pct3ResTime" : 2391.039999999999,
    "throughput" : 0.06353163875610054,
    "receivedKBytesPerSec" : 0.0322172160485922,
    "sentKBytesPerSec" : 0.16546423712758954
  },
  "MA_SU_UFWL_UF6_Export-Excel/ufwlAAELogDetails?limit=-1&sort=" : {
    "transaction" : "MA_SU_UFWL_UF6_Export-Excel/ufwlAAELogDetails?limit=-1&sort=",
    "sampleCount" : 23,
    "errorCount" : 0,
    "errorPct" : 0.0,
    "meanResTime" : 257.5652173913043,
    "medianResTime" : 244.0,
    "minResTime" : 219.0,
    "maxResTime" : 343.0,
    "pct1ResTime" : 332.0,
    "pct2ResTime" : 342.0,
    "pct3ResTime" : 343.0,
    "throughput" : 0.011761625599842906,
    "receivedKBytesPerSec" : 0.02154067419427751,
    "sentKBytesPerSec" : 0.030262514849052322
  }
}