{
  "AAEMonitor(Alarms)-Home" : {
    "transaction" : "AAEMonitor(Alarms)-Home",
    "sampleCount" : 238,
    "errorCount" : 0,
    "errorPct" : 0.0,
    "meanResTime" : 1094.4873949579833,
    "medianResTime" : 1108.0,
    "minResTime" : 0.0,
    "maxResTime" : 1805.0,
    "pct1ResTime" : 1288.3,
    "pct2ResTime" : 1439.6999999999998,
    "pct3ResTime" : 1683.4899999999998,
    "throughput" : 0.12115658725310528,
    "receivedKBytesPerSec" : 1.5067075784908877,
    "sentKBytesPerSec" : 0.301557667894777
  },
  "AAEMonitor(Alarms)-Home/alarms?limit=20&filter=typeId=4399&isIsolated=false&isActive=true" : {
    "transaction" : "AAEMonitor(Alarms)-Home/alarms?limit=20&filter=typeId=4399&isIsolated=false&isActive=true",
    "sampleCount" : 228,
    "errorCount" : 0,
    "errorPct" : 0.0,
    "meanResTime" : 1142.4912280701758,
    "medianResTime" : 1115.0,
    "minResTime" : 921.0,
    "maxResTime" : 1805.0,
    "pct1ResTime" : 1291.8999999999999,
    "pct2ResTime" : 1446.6999999999998,
    "pct3ResTime" : 1684.39,
    "throughput" : 0.12099457540986913,
    "receivedKBytesPerSec" : 1.5706880914737564,
    "sentKBytesPerSec" : 0.31436294913265994
  },
  "AAEMonitor(Alarms)-Apply Filter" : {
    "transaction" : "AAEMonitor(Alarms)-Apply Filter",
    "sampleCount" : 317,
    "errorCount" : 0,
    "errorPct" : 0.0,
    "meanResTime" : 412.59621451104107,
    "medianResTime" : 404.0,
    "minResTime" : 0.0,
    "maxResTime" : 1341.0,
    "pct1ResTime" : 497.99999999999994,
    "pct2ResTime" : 573.8999999999996,
    "pct3ResTime" : 624.3799999999999,
    "throughput" : 0.16195937118890952,
    "receivedKBytesPerSec" : 0.22496729838485124,
    "sentKBytesPerSec" : 0.41211606975441956
  },
  "Total" : {
    "transaction" : "Total",
    "sampleCount" : 555,
    "errorCount" : 0,
    "errorPct" : 0.0,
    "meanResTime" : 705.010810810811,
    "medianResTime" : 466.0,
    "minResTime" : 0.0,
    "maxResTime" : 1805.0,
    "pct1ResTime" : 1188.4,
    "pct2ResTime" : 1273.3999999999999,
    "pct3ResTime" : 1614.7999999999988,
    "throughput" : 0.29147552262086385,
    "receivedKBytesPerSec" : 1.7856686400894384,
    "sentKBytesPerSec" : 0.7347319795586378
  },
  "AAEMonitor(Alarms)-Apply Filter/alarms?limit=20&unitNumber=R02&system=BMU-ETB&filter=typeId=4399&isIsolated=false&isActive=true" : {
    "transaction" : "AAEMonitor(Alarms)-Apply Filter/alarms?limit=20&unitNumber=R02&system=BMU-ETB&filter=typeId=4399&isIsolated=false&isActive=true",
    "sampleCount" : 307,
    "errorCount" : 0,
    "errorPct" : 0.0,
    "meanResTime" : 426.0358306188926,
    "medianResTime" : 405.0,
    "minResTime" : 348.0,
    "maxResTime" : 1341.0,
    "pct1ResTime" : 502.2,
    "pct2ResTime" : 578.3999999999996,
    "pct3ResTime" : 625.2800000000002,
    "throughput" : 0.16183328114605375,
    "receivedKBytesPerSec" : 0.23211437488073364,
    "sentKBytesPerSec" : 0.42520875076567705
  }
}