{
  "SR-US-MOS Toggle ON/unitStatusReport?limit=20&unit=&InService=false&IsMOS=true&IsPOS=false-UF5" : {
    "transaction" : "SR-US-MOS Toggle ON/unitStatusReport?limit=20&unit=&InService=false&IsMOS=true&IsPOS=false-UF5",
    "sampleCount" : 33,
    "errorCount" : 0,
    "errorPct" : 0.0,
    "meanResTime" : 910.8787878787878,
    "medianResTime" : 850.0,
    "minResTime" : 740.0,
    "maxResTime" : 1412.0,
    "pct1ResTime" : 1212.4,
    "pct2ResTime" : 1343.3999999999996,
    "pct3ResTime" : 1412.0,
    "throughput" : 0.016532478053135385,
    "receivedKBytesPerSec" : 0.020817262700074297,
    "sentKBytesPerSec" : 0.04337524974061544
  },
  "SR-US-Export csv-UF8" : {
    "transaction" : "SR-US-Export csv-UF8",
    "sampleCount" : 17,
    "errorCount" : 0,
    "errorPct" : 0.0,
    "meanResTime" : 1159.8235294117646,
    "medianResTime" : 886.0,
    "minResTime" : 760.0,
    "maxResTime" : 4988.0,
    "pct1ResTime" : 2142.3999999999974,
    "pct2ResTime" : 4988.0,
    "pct3ResTime" : 4988.0,
    "throughput" : 0.008762516223541067,
    "receivedKBytesPerSec" : 0.025711703165123948,
    "sentKBytesPerSec" : 0.02299858491806016
  },
  "SR-US-In Service Toggle ON-UF4" : {
    "transaction" : "SR-US-In Service Toggle ON-UF4",
    "sampleCount" : 32,
    "errorCount" : 0,
    "errorPct" : 0.0,
    "meanResTime" : 899.53125,
    "medianResTime" : 843.0,
    "minResTime" : 747.0,
    "maxResTime" : 1676.0,
    "pct1ResTime" : 1039.7,
    "pct2ResTime" : 1542.0999999999995,
    "pct3ResTime" : 1676.0,
    "throughput" : 0.016533913122553496,
    "receivedKBytesPerSec" : 0.025209070847042703,
    "sentKBytesPerSec" : 0.043379825222329464
  },
  "SR-US-Home/unitStatusReport?limit=20&InService=false&IsMOS=false&IsPOS=false-UF1" : {
    "transaction" : "SR-US-Home/unitStatusReport?limit=20&InService=false&IsMOS=false&IsPOS=false-UF1",
    "sampleCount" : 62,
    "errorCount" : 0,
    "errorPct" : 0.0,
    "meanResTime" : 880.241935483871,
    "medianResTime" : 816.5,
    "minResTime" : 736.0,
    "maxResTime" : 1944.0,
    "pct1ResTime" : 1111.0,
    "pct2ResTime" : 1222.8999999999999,
    "pct3ResTime" : 1944.0,
    "throughput" : 0.029275815484923192,
    "receivedKBytesPerSec" : 0.07166137508269237,
    "sentKBytesPerSec" : 0.07666687182363303
  },
  "SR-US-Export PDF-UF7" : {
    "transaction" : "SR-US-Export PDF-UF7",
    "sampleCount" : 18,
    "errorCount" : 0,
    "errorPct" : 0.0,
    "meanResTime" : 1071.3333333333337,
    "medianResTime" : 899.5,
    "minResTime" : 787.0,
    "maxResTime" : 2464.0,
    "pct1ResTime" : 2045.5000000000007,
    "pct2ResTime" : 2464.0,
    "pct3ResTime" : 2464.0,
    "throughput" : 0.008739938752451432,
    "receivedKBytesPerSec" : 0.025626152882893074,
    "sentKBytesPerSec" : 0.022936174988868716
  },
  "SR-US-Apply Filter/unitStatusReport?limit=20&unit=&mode=Operational&InService=false&IsMOS=false&IsPOS=false-UF3" : {
    "transaction" : "SR-US-Apply Filter/unitStatusReport?limit=20&unit=&mode=Operational&InService=false&IsMOS=false&IsPOS=false-UF3",
    "sampleCount" : 68,
    "errorCount" : 0,
    "errorPct" : 0.0,
    "meanResTime" : 1011.4705882352939,
    "medianResTime" : 857.0,
    "minResTime" : 738.0,
    "maxResTime" : 4986.0,
    "pct1ResTime" : 1364.4,
    "pct2ResTime" : 1791.0499999999988,
    "pct3ResTime" : 4986.0,
    "throughput" : 0.03214860978537493,
    "receivedKBytesPerSec" : 0.049187391439345265,
    "sentKBytesPerSec" : 0.08491181382220021
  },
  "SR-US-View Selected Unit/unitStatusReport?limit=20&unit=R01,R02,R03&InService=false&IsMOS=false&IsPOS=false-UF2" : {
    "transaction" : "SR-US-View Selected Unit/unitStatusReport?limit=20&unit=R01,R02,R03&InService=false&IsMOS=false&IsPOS=false-UF2",
    "sampleCount" : 66,
    "errorCount" : 0,
    "errorPct" : 0.0,
    "meanResTime" : 947.469696969697,
    "medianResTime" : 817.5,
    "minResTime" : 726.0,
    "maxResTime" : 4214.0,
    "pct1ResTime" : 1351.1000000000001,
    "pct2ResTime" : 1549.0999999999997,
    "pct3ResTime" : 4214.0,
    "throughput" : 0.03255726996438925,
    "receivedKBytesPerSec" : 0.03258472859939118,
    "sentKBytesPerSec" : 0.08579811804180847
  },
  "SR-US-POS Toggle ON/unitStatusReport?limit=20&unit=&InService=false&IsMOS=false&IsPOS=true-UF6" : {
    "transaction" : "SR-US-POS Toggle ON/unitStatusReport?limit=20&unit=&InService=false&IsMOS=false&IsPOS=true-UF6",
    "sampleCount" : 33,
    "errorCount" : 0,
    "errorPct" : 0.0,
    "meanResTime" : 872.3939393939394,
    "medianResTime" : 801.0,
    "minResTime" : 722.0,
    "maxResTime" : 1714.0,
    "pct1ResTime" : 1283.8000000000006,
    "pct2ResTime" : 1600.5999999999995,
    "pct3ResTime" : 1714.0,
    "throughput" : 0.0163772362371662,
    "receivedKBytesPerSec" : 0.010466949899801091,
    "sentKBytesPerSec" : 0.04296698200290622
  },
  "SR-US-Home/unitwiseOpenSNOrdersReport?limit=10-UF1" : {
    "transaction" : "SR-US-Home/unitwiseOpenSNOrdersReport?limit=10-UF1",
    "sampleCount" : 62,
    "errorCount" : 0,
    "errorPct" : 0.0,
    "meanResTime" : 1217.6451612903218,
    "medianResTime" : 1137.5,
    "minResTime" : 1050.0,
    "maxResTime" : 4262.0,
    "pct1ResTime" : 1288.6,
    "pct2ResTime" : 1355.35,
    "pct3ResTime" : 4262.0,
    "throughput" : 0.02925451475017352,
    "receivedKBytesPerSec" : 0.04009685869031312,
    "sentKBytesPerSec" : 0.07575264169447811
  },
  "SR-US-View Selected Unit-UF2" : {
    "transaction" : "SR-US-View Selected Unit-UF2",
    "sampleCount" : 66,
    "errorCount" : 0,
    "errorPct" : 0.0,
    "meanResTime" : 947.469696969697,
    "medianResTime" : 817.5,
    "minResTime" : 726.0,
    "maxResTime" : 4214.0,
    "pct1ResTime" : 1351.1000000000001,
    "pct2ResTime" : 1549.0999999999997,
    "pct3ResTime" : 4214.0,
    "throughput" : 0.03255726996438925,
    "receivedKBytesPerSec" : 0.03258472859939118,
    "sentKBytesPerSec" : 0.08579811804180847
  },
  "SR-US-Export PDF/unitStatusReport?limit=-1&unit=&InService=false&IsMOS=false&IsPOS=false-UF7" : {
    "transaction" : "SR-US-Export PDF/unitStatusReport?limit=-1&unit=&InService=false&IsMOS=false&IsPOS=false-UF7",
    "sampleCount" : 18,
    "errorCount" : 0,
    "errorPct" : 0.0,
    "meanResTime" : 1071.3333333333337,
    "medianResTime" : 899.5,
    "minResTime" : 787.0,
    "maxResTime" : 2464.0,
    "pct1ResTime" : 2045.5000000000007,
    "pct2ResTime" : 2464.0,
    "pct3ResTime" : 2464.0,
    "throughput" : 0.008740507444727217,
    "receivedKBytesPerSec" : 0.025627820331100136,
    "sentKBytesPerSec" : 0.022937667404996753
  },
  "SR-US-MOS Toggle ON-UF5" : {
    "transaction" : "SR-US-MOS Toggle ON-UF5",
    "sampleCount" : 33,
    "errorCount" : 0,
    "errorPct" : 0.0,
    "meanResTime" : 910.8787878787878,
    "medianResTime" : 850.0,
    "minResTime" : 740.0,
    "maxResTime" : 1412.0,
    "pct1ResTime" : 1212.4,
    "pct2ResTime" : 1343.3999999999996,
    "pct3ResTime" : 1412.0,
    "throughput" : 0.016532585726466868,
    "receivedKBytesPerSec" : 0.020817398279508913,
    "sentKBytesPerSec" : 0.043375532236538214
  },
  "SR-US-POS Toggle ON-UF6" : {
    "transaction" : "SR-US-POS Toggle ON-UF6",
    "sampleCount" : 33,
    "errorCount" : 0,
    "errorPct" : 0.0,
    "meanResTime" : 872.3939393939394,
    "medianResTime" : 801.0,
    "minResTime" : 722.0,
    "maxResTime" : 1714.0,
    "pct1ResTime" : 1283.8000000000006,
    "pct2ResTime" : 1600.5999999999995,
    "pct3ResTime" : 1714.0,
    "throughput" : 0.01637721998179647,
    "receivedKBytesPerSec" : 0.010466939510737999,
    "sentKBytesPerSec" : 0.04296693935565069
  },
  "Total" : {
    "transaction" : "Total",
    "sampleCount" : 392,
    "errorCount" : 0,
    "errorPct" : 0.0,
    "meanResTime" : 994.920918367347,
    "medianResTime" : 855.5,
    "minResTime" : 722.0,
    "maxResTime" : 4988.0,
    "pct1ResTime" : 1285.1,
    "pct2ResTime" : 1456.3499999999992,
    "pct3ResTime" : 4217.36,
    "throughput" : 0.184899816845411,
    "receivedKBytesPerSec" : 0.2942718209200464,