{
  "AAEMonitor(Alarms)-Acknowledged" : {
    "transaction" : "AAEMonitor(Alarms)-Acknowledged",
    "sampleCount" : 56,
    "errorCount" : 0,
    "errorPct" : 0.0,
    "meanResTime" : 725.3392857142857,
    "medianResTime" : 439.0,
    "minResTime" : 348.0,
    "maxResTime" : 6538.0,
    "pct1ResTime" : 1523.7000000000012,
    "pct2ResTime" : 2612.8499999999985,
    "pct3ResTime" : 6538.0,
    "throughput" : 0.06291746015695658,
    "receivedKBytesPerSec" : 0.09438825936318543,
    "sentKBytesPerSec" : 0.16457791758655366
  },
  "AAEMonitor(Alarms)-UnAcknowledged-/alarms?limit=20&filter=typeId=4399&isAcknowledged=false&isIsolated=false" : {
    "transaction" : "AAEMonitor(Alarms)-UnAcknowledged-/alarms?limit=20&filter=typeId=4399&isAcknowledged=false&isIsolated=false",
    "sampleCount" : 95,
    "errorCount" : 0,
    "errorPct" : 0.0,
    "meanResTime" : 612.9368421052635,
    "medianResTime" : 441.0,
    "minResTime" : 382.0,
    "maxResTime" : 5980.0,
    "pct1ResTime" : 590.2,
    "pct2ResTime" : 1421.9999999999893,
    "pct3ResTime" : 5980.0,
    "throughput" : 0.10911200059724463,
    "receivedKBytesPerSec" : 1.36748921801152,
    "sentKBytesPerSec" : 0.28403105492640685
  },
  "Total" : {
    "transaction" : "Total",
    "sampleCount" : 201,
    "errorCount" : 0,
    "errorPct" : 0.0,
    "meanResTime" : 672.0597014925376,
    "medianResTime" : 447.0,
    "minResTime" : 348.0,
    "maxResTime" : 6538.0,
    "pct1ResTime" : 635.0000000000001,
    "pct2ResTime" : 2425.5999999999935,
    "pct3ResTime" : 6452.359999999995,
    "throughput" : 0.22590209111159565,
    "receivedKBytesPerSec" : 1.8487271600763573,
    "sentKBytesPerSec" : 0.5882351107622679
  },
  "AAEMonitor(Alarms)-Isolated/alarms?limit=20&filter=typeId=4399&isIsolated=true" : {
    "transaction" : "AAEMonitor(Alarms)-Isolated/alarms?limit=20&filter=typeId=4399&isIsolated=true",
    "sampleCount" : 25,
    "errorCount" : 0,
    "errorPct" : 0.0,
    "meanResTime" : 653.88,
    "medianResTime" : 476.0,
    "minResTime" : 368.0,
    "maxResTime" : 2779.0,
    "pct1ResTime" : 1482.4000000000042,
    "pct2ResTime" : 2753.7999999999997,
    "pct3ResTime" : 2779.0,
    "throughput" : 0.032989756020960374,
    "receivedKBytesPerSec" : 0.07502721036313803,
    "sentKBytesPerSec" : 0.08517156033958335
  },
  "AAEMonitor(Alarms)-UnAcknowledged" : {
    "transaction" : "AAEMonitor(Alarms)-UnAcknowledged",
    "sampleCount" : 95,
    "errorCount" : 0,
    "errorPct" : 0.0,
    "meanResTime" : 612.9368421052635,
    "medianResTime" : 441.0,
    "minResTime" : 382.0,
    "maxResTime" : 5980.0,
    "pct1ResTime" : 590.2,
    "pct2ResTime" : 1421.9999999999893,
    "pct3ResTime" : 5980.0,
    "throughput" : 0.10911024614123001,
    "receivedKBytesPerSec" : 1.3674672295989683,
    "sentKBytesPerSec" : 0.2840264878761289
  },
  "AAEMonitor(Alarms)-Isolated" : {
    "transaction" : "AAEMonitor(Alarms)-Isolated",
    "sampleCount" : 25,
    "errorCount" : 0,
    "errorPct" : 0.0,
    "meanResTime" : 1449.4399999999998,
    "medianResTime" : 933.0,
    "minResTime" : 790.0,
    "maxResTime" : 6915.0,
    "pct1ResTime" : 3357.800000000001,
    "pct2ResTime" : 5930.099999999998,
    "pct3ResTime" : 6915.0,
    "throughput" : 0.032969612567488794,
    "receivedKBytesPerSec" : 0.48834435589905495,
    "sentKBytesPerSec" : 0.1709306987810475
  },
  "AAEMonitor(Alarms)-Isolated/alarms?limit=20&filter=typeId=4399&isAcknowledged=false&isIsolated=false" : {
    "transaction" : "AAEMonitor(Alarms)-Isolated/alarms?limit=20&filter=typeId=4399&isAcknowledged=false&isIsolated=false",
    "sampleCount" : 25,
    "errorCount" : 0,
    "errorPct" : 0.0,
    "meanResTime" : 795.5600000000001,
    "medianResTime" : 429.0,
    "minResTime" : 377.0,
    "maxResTime" : 6462.0,
    "pct1ResTime" : 1633.4000000000055,
    "pct2ResTime" : 5477.999999999998,
    "pct3ResTime" : 6462.0,
    "throughput" : 0.03298784068192464,
    "receivedKBytesPerSec" : 0.41359149548726337,
    "sentKBytesPerSec" : 0.08585858689986871
  },
  "AAEMonitor(Alarms)-Acknowledged/alarms?limit=20&filter=typeId=4399&isAcknowledged=true&isIsolated=false&isActive=true" : {
    "transaction" : "AAEMonitor(Alarms)-Acknowledged/alarms?limit=20&filter=typeId=4399&isAcknowledged=true&isIsolated=false&isActive=true",
    "sampleCount" : 56,
    "errorCount" : 0,
    "errorPct" : 0.0,
    "meanResTime" : 725.3392857142857,
    "medianResTime" : 439.0,
    "minResTime" : 348.0,
    "maxResTime" : 6538.0,
    "pct1ResTime" : 1523.7000000000012,
    "pct2ResTime" : 2612.8499999999985,
    "pct3ResTime" : 6538.0,
    "throughput" : 0.06293789603109132,
    "receivedKBytesPerSec" : 0.09441891709449451,
    "sentKBytesPerSec" : 0.16463137323464822
  }
}