{
  "AAELogicBuilder_UF6_ActionEdit" : {
    "transaction" : "AAELogicBuilder_UF6_ActionEdit",
    "sampleCount" : 38,
    "errorCount" : 0,
    "errorPct" : 0.0,
    "meanResTime" : 1013.3421052631579,
    "medianResTime" : 835.0,
    "minResTime" : 660.0,
    "maxResTime" : 1942.0,
    "pct1ResTime" : 1640.2,
    "pct2ResTime" : 1856.4999999999998,
    "pct3ResTime" : 1942.0,
    "throughput" : 0.02305662950908795,
    "receivedKBytesPerSec" : 0.1370907182807521,
    "sentKBytesPerSec" : 0.1852351791378762
  },
  "AAELogicBuilder_UF5_ActionDisable" : {
    "transaction" : "AAELogicBuilder_UF5_ActionDisable",
    "sampleCount" : 53,
    "errorCount" : 0,
    "errorPct" : 0.0,
    "meanResTime" : 183.88679245283015,
    "medianResTime" : 132.0,
    "minResTime" : 78.0,
    "maxResTime" : 1185.0,
    "pct1ResTime" : 255.8,
    "pct2ResTime" : 534.0999999999979,
    "pct3ResTime" : 1185.0,
    "throughput" : 0.031650464216761494,
    "receivedKBytesPerSec" : 0.18458649638915978,
    "sentKBytesPerSec" : 0.16715693005575857
  },
  "AAEM-AAELogi-DisableCL/cms/customLogicRules/false/false/true" : {
    "transaction" : "AAEM-AAELogi-DisableCL/cms/customLogicRules/false/false/true",
    "sampleCount" : 50,
    "errorCount" : 0,
    "errorPct" : 0.0,
    "meanResTime" : 69.07999999999998,
    "medianResTime" : 43.0,
    "minResTime" : 24.0,
    "maxResTime" : 968.0,
    "pct1ResTime" : 83.8,
    "pct2ResTime" : 150.39999999999952,
    "pct3ResTime" : 968.0,
    "throughput" : 0.03153927428129879,
    "receivedKBytesPerSec" : 0.016330198460883415,
    "sentKBytesPerSec" : 0.08705886904104836
  },
  "AAEM-AAELogi-EditCL/cms/customLogicalarmdetails" : {
    "transaction" : "AAEM-AAELogi-EditCL/cms/customLogicalarmdetails",
    "sampleCount" : 30,
    "errorCount" : 0,
    "errorPct" : 0.0,
    "meanResTime" : 93.46666666666667,
    "medianResTime" : 64.0,
    "minResTime" : 49.0,
    "maxResTime" : 315.0,
    "pct1ResTime" : 194.60000000000005,
    "pct2ResTime" : 297.95,
    "pct3ResTime" : 315.0,
    "throughput" : 0.028217765905414048,
    "receivedKBytesPerSec" : 0.15283245378165092,
    "sentKBytesPerSec" : 0.07289681380272019
  },
  "AAEM_AAELogic_UF4_ApplyFilter" : {
    "transaction" : "AAEM_AAELogic_UF4_ApplyFilter",
    "sampleCount" : 53,
    "errorCount" : 0,
    "errorPct" : 0.0,
    "meanResTime" : 196.28301886792448,
    "medianResTime" : 154.0,
    "minResTime" : 59.0,
    "maxResTime" : 1175.0,
    "pct1ResTime" : 335.0,
    "pct2ResTime" : 408.89999999999975,
    "pct3ResTime" : 1175.0,
    "throughput" : 0.03166494899254679,
    "receivedKBytesPerSec" : 0.19948066029633613,
    "sentKBytesPerSec" : 0.16162998405550327
  },
  "Total" : {
    "transaction" : "Total",
    "sampleCount" : 307,
    "errorCount" : 0,
    "errorPct" : 0.0,
    "meanResTime" : 209.12052117263852,
    "medianResTime" : 82.0,
    "minResTime" : 24.0,
    "maxResTime" : 1942.0,
    "pct1ResTime" : 589.2,
    "pct2ResTime" : 730.5999999999985,
    "pct3ResTime" : 1682.8400000000008,
    "throughput" : 0.192523563755401,
    "receivedKBytesPerSec" : 0.5234032292770646,
    "sentKBytesPerSec" : 0.5360949101582833
  },
  "AAEM_AAELogic-ApplyFilter-clear/cms/customLogicalarmdetails-38" : {
    "transaction" : "AAEM_AAELogic-ApplyFilter-clear/cms/customLogicalarmdetails-38",
    "sampleCount" : 48,
    "errorCount" : 0,
    "errorPct" : 0.0,
    "meanResTime" : 92.50000000000001,
    "medianResTime" : 69.0,
    "minResTime" : 49.0,
    "maxResTime" : 302.0,
    "pct1ResTime" : 199.10000000000005,
    "pct2ResTime" : 277.4,
    "pct3ResTime" : 302.0,
    "throughput" : 0.031737530621758055,
    "receivedKBytesPerSec" : 0.1719445549885778,
    "sentKBytesPerSec" : 0.0815288811528658
  },
  "AAEM-AAELogi-DisableCL/cms/customLogicalarmdetails" : {
    "transaction" : "AAEM-AAELogi-DisableCL/cms/customLogicalarmdetails",
    "sampleCount" : 48,
    "errorCount" : 0,
    "errorPct" : 0.0,
    "meanResTime" : 95.99999999999999,
    "medianResTime" : 79.5,
    "minResTime" : 54.0,
    "maxResTime" : 217.0,
    "pct1ResTime" : 198.9,
    "pct2ResTime" : 214.64999999999998,
    "pct3ResTime" : 217.0,
    "throughput" : 0.03173811820729884,
    "receivedKBytesPerSec" : 0.17188833269581594,
    "sentKBytesPerSec" : 0.08152974485693713
  },
  "AAEM_AAELogic-ApplyFilter/cms/customLogicalarmdetails-35" : {
    "transaction" : "AAEM_AAELogic-ApplyFilter/cms/customLogicalarmdetails-35",
    "sampleCount" : 50,
    "errorCount" : 0,
    "errorPct" : 0.0,
    "meanResTime" : 108.61999999999998,
    "medianResTime" : 68.5,
    "minResTime" : 47.0,
    "maxResTime" : 1106.0,
    "pct1ResTime" : 174.89999999999998,
    "pct2ResTime" : 239.7999999999998,
    "pct3ResTime" : 1106.0,
    "throughput" : 0.03153585279568489,
    "receivedKBytesPerSec" : 0.03102955453400416,
    "sentKBytesPerSec" : 0.08146905690297743
  },
  "AAEM-AAELogi-EditCL/cms/customLogicRules/true/false/false" : {
    "transaction" : "AAEM-AAELogi-EditCL/cms/customLogicRules/true/false/false",
    "sampleCount" : 32,
    "errorCount" : 0,
    "errorPct" : 0.0,
    "meanResTime" : 169.37499999999997,
    "medianResTime" : 116.0,
    "minResTime" : 89.0,
    "maxResTime" : 659.0,
    "pct1ResTime" : 333.0,
    "pct2ResTime" : 546.5499999999996,
    "pct3ResTime" : 659.0,
    "throughput" : 0.023328631156115928,
    "receivedKBytesPerSec" : 0.012077948839218346,
    "sentKBytesPerSec" : 0.08143734098257278
  },
  "AAEM-AAELogi-EditCL/cms/customLogicRuleSetDetails" : {
    "transaction" : "AAEM-AAELogi-EditCL/cms/customLogicRuleSetDetails",
    "sampleCount" : 40,
    "errorCount" : 0,
    "errorPct" : 0.0,
    "meanResTime" : 626.6749999999998,
    "medianResTime" : 583.0,
    "minResTime" : 526.0,
    "maxResTime" : 1188.0,
    "pct1ResTime" : 789.3,
    "pct2ResTime" : 891.5499999999997,
    "pct3ResTime" : 1188.0,
    "throughput" : 0.026404539996607017,
    "receivedKBytesPerSec" : 0.030854504342226603,
    "sentKBytesPerSec" : 0.06843262568065953
  }
}