{
  "AAEMonitor(Alarms)-Acknowledged" : {
    "transaction" : "AAEMonitor(Alarms)-Acknowledged",
    "sampleCount" : 60,
    "errorCount" : 0,
    "errorPct" : 0.0,
    "meanResTime" : 782.9666666666666,
    "medianResTime" : 482.0,
    "minResTime" : 362.0,
    "maxResTime" : 5533.0,
    "pct1ResTime" : 846.0,
    "pct2ResTime" : 4226.199999999996,
    "pct3ResTime" : 5533.0,
    "throughput" : 0.06268858816940964,
    "receivedKBytesPerSec" : 0.09373698885292421,
    "sentKBytesPerSec" : 0.16385352171428214
  },
  "AAEMonitor(Alarms)-UnAcknowledged-/alarms?limit=20&filter=typeId=4399&isAcknowledged=false&isIsolated=false" : {
    "transaction" : "AAEMonitor(Alarms)-UnAcknowledged-/alarms?limit=20&filter=typeId=4399&isAcknowledged=false&isIsolated=false",
    "sampleCount" : 95,
    "errorCount" : 0,
    "errorPct" : 0.0,
    "meanResTime" : 667.9578947368418,
    "medianResTime" : 429.0,
    "minResTime" : 366.0,
    "maxResTime" : 5991.0,
    "pct1ResTime" : 732.600000000001,
    "pct2ResTime" : 2397.5999999999985,
    "pct3ResTime" : 5991.0,
    "throughput" : 0.10887478482904366,
    "receivedKBytesPerSec" : 1.3703304088276822,
    "sentKBytesPerSec" : 0.28319755143474046
  },
  "Total" : {
    "transaction" : "Total",
    "sampleCount" : 202,
    "errorCount" : 0,
    "errorPct" : 0.0,
    "meanResTime" : 679.2029702970297,
    "medianResTime" : 439.5,
    "minResTime" : 362.0,
    "maxResTime" : 5991.0,
    "pct1ResTime" : 684.6000000000001,
    "pct2ResTime" : 2336.1499999999987,
    "pct3ResTime" : 5589.26,
    "throughput" : 0.2289608238962558,
    "receivedKBytesPerSec" : 1.898099708400822,
    "sentKBytesPerSec" : 0.5957300559678865
  },
  "AAEMonitor(Alarms)-Isolated/alarms?limit=20&filter=typeId=4399&isIsolated=true" : {
    "transaction" : "AAEMonitor(Alarms)-Isolated/alarms?limit=20&filter=typeId=4399&isIsolated=true",
    "sampleCount" : 25,
    "errorCount" : 0,
    "errorPct" : 0.0,
    "meanResTime" : 663.6800000000001,
    "medianResTime" : 448.0,
    "minResTime" : 379.0,
    "maxResTime" : 5591.0,
    "pct1ResTime" : 643.8000000000002,
    "pct2ResTime" : 4119.7999999999965,
    "pct3ResTime" : 5591.0,
    "throughput" : 0.03303600925008259,
    "receivedKBytesPerSec" : 0.07495431739345887,
    "sentKBytesPerSec" : 0.08522387058143377
  },
  "AAEMonitor(Alarms)-UnAcknowledged" : {
    "transaction" : "AAEMonitor(Alarms)-UnAcknowledged",
    "sampleCount" : 104,
    "errorCount" : 0,
    "errorPct" : 0.0,
    "meanResTime" : 670.8269230769228,
    "medianResTime" : 439.5,
    "minResTime" : 366.0,
    "maxResTime" : 5991.0,
    "pct1ResTime" : 750.0,
    "pct2ResTime" : 2359.75,
    "pct3ResTime" : 5938.950000000003,
    "throughput" : 0.10976739866041556,
    "receivedKBytesPerSec" : 1.3816554896100937,
    "sentKBytesPerSec" : 0.2855234578999808
  },
  "AAEMonitor(Alarms)-Isolated" : {
    "transaction" : "AAEMonitor(Alarms)-Isolated",
    "sampleCount" : 30,
    "errorCount" : 0,
    "errorPct" : 0.0,
    "meanResTime" : 1254.0333333333335,
    "medianResTime" : 927.0,
    "minResTime" : 778.0,
    "maxResTime" : 6056.0,
    "pct1ResTime" : 2318.9000000000015,
    "pct2ResTime" : 4639.749999999998,
    "pct3ResTime" : 6056.0,
    "throughput" : 0.032310978085617635,
    "receivedKBytesPerSec" : 0.4801545972598137,
    "sentKBytesPerSec" : 0.1673965301509892
  },
  "AAEMonitor(Alarms)-Isolated/alarms?limit=20&filter=typeId=4399&isAcknowledged=false&isIsolated=false" : {
    "transaction" : "AAEMonitor(Alarms)-Isolated/alarms?limit=20&filter=typeId=4399&isAcknowledged=false&isIsolated=false",
    "sampleCount" : 27,
    "errorCount" : 0,
    "errorPct" : 0.0,
    "meanResTime" : 545.3333333333333,
    "medianResTime" : 447.0,
    "minResTime" : 374.0,
    "maxResTime" : 1897.0,
    "pct1ResTime" : 901.5999999999997,
    "pct2ResTime" : 1622.9999999999986,
    "pct3ResTime" : 1897.0,
    "throughput" : 0.030880082346886256,
    "receivedKBytesPerSec" : 0.38881003566935435,
    "sentKBytesPerSec" : 0.08031747691141991
  },
  "AAEMonitor(Alarms)-Acknowledged/alarms?limit=20&filter=typeId=4399&isAcknowledged=true&isIsolated=false&isActive=true" : {
    "transaction" : "AAEMonitor(Alarms)-Acknowledged/alarms?limit=20&filter=typeId=4399&isAcknowledged=true&isIsolated=false&isActive=true",
    "sampleCount" : 55,
    "errorCount" : 0,
    "errorPct" : 0.0,
    "meanResTime" : 771.3999999999999,
    "medianResTime" : 480.0,
    "minResTime" : 362.0,
    "maxResTime" : 5533.0,
    "pct1ResTime" : 743.9999999999999,
    "pct2ResTime" : 4421.7999999999965,
    "pct3ResTime" : 5533.0,
    "throughput" : 0.06279033394182876,
    "receivedKBytesPerSec" : 0.09386218420743186,
    "sentKBytesPerSec" : 0.16411667450118786
  }
}