{
  "SR_CL_UF5_ExportPDF" : {
    "transaction" : "SR_CL_UF5_ExportPDF",
    "sampleCount" : 9,
    "errorCount" : 0,
    "errorPct" : 0.0,
    "meanResTime" : 914.1111111111111,
    "medianResTime" : 908.0,
    "minResTime" : 814.0,
    "maxResTime" : 1066.0,
    "pct1ResTime" : 1066.0,
    "pct2ResTime" : 1066.0,
    "pct3ResTime" : 1066.0,
    "throughput" : 0.004667367117465184,
    "receivedKBytesPerSec" : 0.07881854158261084,
    "sentKBytesPerSec" : 0.012156121193632467
  },
  "SR-CL-Home-UF1-/cms/constraintStatusReport?limit=25&InService=false" : {
    "transaction" : "SR-CL-Home-UF1-/cms/constraintStatusReport?limit=25&InService=false",
    "sampleCount" : 78,
    "errorCount" : 0,
    "errorPct" : 0.0,
    "meanResTime" : 877.5641025641028,
    "medianResTime" : 825.0,
    "minResTime" : 759.0,
    "maxResTime" : 1960.0,
    "pct1ResTime" : 1042.8000000000002,
    "pct2ResTime" : 1182.8999999999999,
    "pct3ResTime" : 1960.0,
    "throughput" : 0.037262950308422575,
    "receivedKBytesPerSec" : 0.11368577545393917,
    "sentKBytesPerSec" : 0.0968359910953492
  },
  "SR_CL_UF4_InService_ToggleON" : {
    "transaction" : "SR_CL_UF4_InService_ToggleON",
    "sampleCount" : 42,
    "errorCount" : 0,
    "errorPct" : 0.0,
    "meanResTime" : 931.0714285714287,
    "medianResTime" : 855.5,
    "minResTime" : 778.0,
    "maxResTime" : 1992.0,
    "pct1ResTime" : 1254.9000000000003,
    "pct2ResTime" : 1484.9,
    "pct3ResTime" : 1992.0,
    "throughput" : 0.02127000139774295,
    "receivedKBytesPerSec" : 0.06438863843884267,
    "sentKBytesPerSec" : 0.055374802746058466
  },
  "SR_CL_UF6_ExportCSV" : {
    "transaction" : "SR_CL_UF6_ExportCSV",
    "sampleCount" : 8,
    "errorCount" : 0,
    "errorPct" : 0.0,
    "meanResTime" : 889.75,
    "medianResTime" : 844.0,
    "minResTime" : 794.0,
    "maxResTime" : 1155.0,
    "pct1ResTime" : 1155.0,
    "pct2ResTime" : 1155.0,
    "pct3ResTime" : 1155.0,
    "throughput" : 0.004741724209465667,
    "receivedKBytesPerSec" : 0.08008316076667753,
    "sentKBytesPerSec" : 0.012348626011320866
  },
  "SR_CL_UF3_ApplyFilter-/cms/constraintStatusReport?limit=25&unit=&InService=false&mode=Operational" : {
    "transaction" : "SR_CL_UF3_ApplyFilter-/cms/constraintStatusReport?limit=25&unit=&InService=false&mode=Operational",
    "sampleCount" : 72,
    "errorCount" : 0,
    "errorPct" : 0.0,
    "meanResTime" : 927.3055555555553,
    "medianResTime" : 852.0,
    "minResTime" : 767.0,
    "maxResTime" : 1993.0,
    "pct1ResTime" : 1226.7,
    "pct2ResTime" : 1325.6999999999998,
    "pct3ResTime" : 1993.0,
    "throughput" : 0.034412253056238226,
    "receivedKBytesPerSec" : 0.10456838566027078,
    "sentKBytesPerSec" : 0.090201475377555
  },
  "Total" : {
    "transaction" : "Total",
    "sampleCount" : 277,
    "errorCount" : 0,
    "errorPct" : 0.0,
    "meanResTime" : 915.8664259927796,
    "medianResTime" : 851.0,
    "minResTime" : 759.0,
    "maxResTime" : 1993.0,
    "pct1ResTime" : 1158.8000000000002,
    "pct2ResTime" : 1320.1999999999994,
    "pct3ResTime" : 1982.6399999999996,
    "throughput" : 0.13228650295614963,
    "receivedKBytesPerSec" : 0.4947363545218583,
    "sentKBytesPerSec" : 0.3452270674541773
  },
  "SR_CL_UF2_ViewSelectedUnit" : {
    "transaction" : "SR_CL_UF2_ViewSelectedUnit",
    "sampleCount" : 68,
    "errorCount" : 0,
    "errorPct" : 0.0,
    "meanResTime" : 941.6029411764705,
    "medianResTime" : 860.0,
    "minResTime" : 771.0,
    "maxResTime" : 1980.0,
    "pct1ResTime" : 1307.0,
    "pct2ResTime" : 1369.1,
    "pct3ResTime" : 1980.0,
    "throughput" : 0.03247182710853183,
    "receivedKBytesPerSec" : 0.07876908301828497,
    "sentKBytesPerSec" : 0.08492330381262228
  },
  "SR_CL_UF2_ViewSelectedUnit-/cms/constraintStatusReport?limit=25&unit=R01,R03,R04&InService=false" : {
    "transaction" : "SR_CL_UF2_ViewSelectedUnit-/cms/constraintStatusReport?limit=25&unit=R01,R03,R04&InService=false",
    "sampleCount" : 68,
    "errorCount" : 0,
    "errorPct" : 0.0,
    "meanResTime" : 941.6029411764705,
    "medianResTime" : 860.0,
    "minResTime" : 771.0,
    "maxResTime" : 1980.0,
    "pct1ResTime" : 1307.0,
    "pct2ResTime" : 1369.1,
    "pct3ResTime" : 1980.0,
    "throughput" : 0.03247495965702622,
    "receivedKBytesPerSec" : 0.0787766818507002,
    "sentKBytesPerSec" : 0.08493149634107496
  },
  "SR_CL_UF1_Home" : {
    "transaction" : "SR_CL_UF1_Home",
    "sampleCount" : 78,
    "errorCount" : 0,
    "errorPct" : 0.0,
    "meanResTime" : 877.5641025641028,
    "medianResTime" : 825.0,
    "minResTime" : 759.0,
    "maxResTime" : 1960.0,
    "pct1ResTime" : 1042.8000000000002,
    "pct2ResTime" : 1182.8999999999999,
    "pct3ResTime" : 1960.0,
    "throughput" : 0.037258731798751256,
    "receivedKBytesPerSec" : 0.11367290517557221,
    "sentKBytesPerSec" : 0.09682502836798634
  },
  "SR_CL_UF5_ExportPDF-/cms/constraintStatusReport?limit=-1&unit=&InService=false" : {
    "transaction" : "SR_CL_UF5_ExportPDF-/cms/constraintStatusReport?limit=-1&unit=&InService=false",
    "sampleCount" : 9,
    "errorCount" : 0,
    "errorPct" : 0.0,
    "meanResTime" : 914.1111111111111,
    "medianResTime" : 908.0,
    "minResTime" : 814.0,
    "maxResTime" : 1066.0,
    "pct1ResTime" : 1066.0,
    "pct2ResTime" : 1066.0,
    "pct3ResTime" : 1066.0,
    "throughput" : 0.0046673695379459736,
    "receivedKBytesPerSec" : 0.07881858245763973,
    "sentKBytesPerSec" : 0.012156127497755773
  },
  "SR_CL_UF4_InService_ToggleON-/cms/constraintStatusReport?limit=25&unit=&InService=true" : {
    "transaction" : "SR_CL_UF4_InService_ToggleON-/cms/constraintStatusReport?limit=25&unit=&InService=true",
    "sampleCount" : 42,
    "errorCount" : 0,
    "errorPct" : 0.0,
    "meanResTime" : 931.0714285714287,
    "medianResTime" : 855.5,
    "minResTime" : 778.0,
    "maxResTime" : 1992.0,
    "pct1ResTime" : 1254.9000000000003,
    "pct2ResTime" : 1484.9,
    "pct3ResTime" : 1992.0,
    "throughput" : 0.02127201590336427,
    "receivedKBytesPerSec" : 0.0643947367588032,
    "sentKBytesPerSec" : 0.055380047355559216
  },
  "SR_CL_UF6_ExportCSV-/cms/constraintStatusReport?limit=-1&unit=&InService=false" : {
    "transaction" : "SR_CL_UF6_ExportCSV-/cms/constraintStatusReport?limit=-1&unit=&InService=false",
    "sampleCount" : 8,
    "errorCount" : 0,
    "errorPct" : 0.0,
    "meanResTime" : 889.75,
    "medianResTime" : 844.0,
    "minResTime" : 794.0,
    "maxResTime" : 1155.0,
    "pct1ResTime" : 1155.0,
    "pct2ResTime" : 1155.0,
    "pct3ResTime" : 1155.0,
    "throughput" : 0.004741727019960893,
    "receivedKBytesPerSec" : 0.08008320823323845,
    "sentKBytesPerSec" : 0.01234863333054757
  },
  "SR_CL_UF3_ApplyFilter" : {
    "transaction" : "SR_CL_UF3_ApplyFilter",
    "sampleCount" : 72,
    "errorCount" : 0,
    "errorPct" : 0.0,
    "meanResTime" : 927.3055555555553,
    "medianResTime" : 852.0,
    "minResTime" : 767.0,
    "maxResTime" : 1993.0,
    "pct1ResTime" : 1226.7,
    "pct2ResTime" : 1325.6999999999998,
    "pct3ResTime" : 1993.0,
    "throughput" : 0.03440907902666273,
    "receivedKBytesPerSec" : 0.10455874074837836,
    "sentKBytesPerSec" : 0.09019315560406811
  }
}