{
  "AAEM-AAELogi-EnableCL/cms/customLogicalarmdetails-224" : {
    "transaction" : "AAEM-AAELogi-EnableCL/cms/customLogicalarmdetails-224",
    "sampleCount" : 25,
    "errorCount" : 0,
    "errorPct" : 0.0,
    "meanResTime" : 207.80000000000004,
    "medianResTime" : 144.0,
    "minResTime" : 111.0,
    "maxResTime" : 751.0,
    "pct1ResTime" : 392.4000000000003,
    "pct2ResTime" : 671.4999999999998,
    "pct3ResTime" : 751.0,
    "throughput" : 0.02366964746427067,
    "receivedKBytesPerSec" : 0.127985297302607,
    "sentKBytesPerSec" : 0.06076072471726607
  },
  "AAELogicBuilder_UF1_Home" : {
    "transaction" : "AAELogicBuilder_UF1_Home",
    "sampleCount" : 60,
    "errorCount" : 0,
    "errorPct" : 0.0,
    "meanResTime" : 193.03333333333336,
    "medianResTime" : 149.0,
    "minResTime" : 118.0,
    "maxResTime" : 1166.0,
    "pct1ResTime" : 332.5999999999999,
    "pct2ResTime" : 434.95,
    "pct3ResTime" : 1166.0,
    "throughput" : 0.04231884712175414,
    "receivedKBytesPerSec" : 0.22892953418234344,
    "sentKBytesPerSec" : 0.10862870602895455
  },
  "AAEM-AAELogi-EnableCL/cms/customLogicRules/false/true/true-223" : {
    "transaction" : "AAEM-AAELogi-EnableCL/cms/customLogicRules/false/true/true-223",
    "sampleCount" : 30,
    "errorCount" : 0,
    "errorPct" : 0.0,
    "meanResTime" : 134.06666666666663,
    "medianResTime" : 84.5,
    "minResTime" : 60.0,
    "maxResTime" : 1016.0,
    "pct1ResTime" : 272.8000000000002,
    "pct2ResTime" : 670.5999999999996,
    "pct3ResTime" : 1016.0,
    "throughput" : 0.023124933997584213,
    "receivedKBytesPerSec" : 0.012078110872110637,
    "sentKBytesPerSec" : 0.06378100692321982
  },
  "Total" : {
    "transaction" : "Total",
    "sampleCount" : 198,
    "errorCount" : 0,
    "errorPct" : 0.0,
    "meanResTime" : 186.70202020202015,
    "medianResTime" : 143.0,
    "minResTime" : 60.0,
    "maxResTime" : 1166.0,
    "pct1ResTime" : 346.19999999999993,
    "pct2ResTime" : 435.15,
    "pct3ResTime" : 1017.4999999999986,
    "throughput" : 0.15054137873093618,
    "receivedKBytesPerSec" : 0.5789233433130356,
    "sentKBytesPerSec" : 0.3943142854454618
  },
  "AAELogicBuilder_UF2_searchByAAECode" : {
    "transaction" : "AAELogicBuilder_UF2_searchByAAECode",
    "sampleCount" : 50,
    "errorCount" : 0,
    "errorPct" : 0.0,
    "meanResTime" : 379.4200000000001,
    "medianResTime" : 290.5,
    "minResTime" : 256.0,
    "maxResTime" : 1002.0,
    "pct1ResTime" : 649.0999999999999,
    "pct2ResTime" : 737.55,
    "pct3ResTime" : 1002.0,
    "throughput" : 0.038175136838778,
    "receivedKBytesPerSec" : 0.2914246701000112,
    "sentKBytesPerSec" : 0.20034938123829457
  },
  "AAELogicBuilder-searchAAECode-/customLogicalarmdetails?limit=20&search=CL05133" : {
    "transaction" : "AAELogicBuilder-searchAAECode-/customLogicalarmdetails?limit=20&search=CL05133",
    "sampleCount" : 48,
    "errorCount" : 0,
    "errorPct" : 0.0,
    "meanResTime" : 160.10416666666669,
    "medianResTime" : 130.5,
    "minResTime" : 94.0,
    "maxResTime" : 370.0,
    "pct1ResTime" : 310.1,
    "pct2ResTime" : 335.0999999999999,
    "pct3ResTime" : 370.0,
    "throughput" : 0.0373417642738894,
    "receivedKBytesPerSec" : 0.035572376070074935,
    "sentKBytesPerSec" : 0.09617753072138065
  },
  "AAELogicBuilder-searchAAECode-/customLogicalarmdetails?limit=-1&fields=AAECode,TagName,CreatedDate,UpdatedDate,ShortDescription,Version,Type,%20Severity,%20Status,RuleParameters" : {
    "transaction" : "AAELogicBuilder-searchAAECode-/customLogicalarmdetails?limit=-1&fields=AAECode,TagName,CreatedDate,UpdatedDate,ShortDescription,Version,Type,%20Severity,%20Status,RuleParameters",
    "sampleCount" : 40,
    "errorCount" : 0,
    "errorPct" : 0.0,
    "meanResTime" : 229.57500000000002,
    "medianResTime" : 165.0,
    "minResTime" : 130.0,
    "maxResTime" : 841.0,
    "pct1ResTime" : 436.7,
    "pct2ResTime" : 540.9499999999996,
    "pct3ResTime" : 841.0,
    "throughput" : 0.03963790771304137,
    "receivedKBytesPerSec" : 0.264796900625288,
    "sentKBytesPerSec" : 0.10592979228497675
  },
  "AAEM_AAELogic-Home/cms/customLogicalarmdetails" : {
    "transaction" : "AAEM_AAELogic-Home/cms/customLogicalarmdetails",
    "sampleCount" : 55,
    "errorCount" : 0,
    "errorPct" : 0.0,
    "meanResTime" : 197.85454545454547,
    "medianResTime" : 149.0,
    "minResTime" : 118.0,
    "maxResTime" : 1166.0,
    "pct1ResTime" : 345.0,
    "pct2ResTime" : 435.59999999999997,
    "pct3ResTime" : 1166.0,
    "throughput" : 0.042390059453985204,
    "receivedKBytesPerSec" : 0.22940082156752276,
    "sentKBytesPerSec" : 0.10880968279518512
  },
  "AAELogicBuilder_UF3_ActionEnable" : {
    "transaction" : "AAELogicBuilder_UF3_ActionEnable",
    "sampleCount" : 30,
    "errorCount" : 0,
    "errorPct" : 0.0,
    "meanResTime" : 330.4,
    "medianResTime" : 244.0,
    "minResTime" : 198.0,
    "maxResTime" : 1337.0,
    "pct1ResTime" : 559.7,
    "pct2ResTime" : 1051.5499999999997,
    "pct3ResTime" : 1337.0,
    "throughput" : 0.023122135745434532,
    "receivedKBytesPerSec" : 0.1369888695337344,
    "sentKBytesPerSec" : 0.12313064156026629
  }
}