{
  "RHS-AAEs_View History Details/cms/aaeDetailBehaviourFleet" : {
    "transaction" : "RHS-AAEs_View History Details/cms/aaeDetailBehaviourFleet",
    "sampleCount" : 811,
    "errorCount" : 0,
    "errorPct" : 0.0,
    "meanResTime" : 1925.7533908754642,
    "medianResTime" : 1972.0,
    "minResTime" : 583.0,
    "maxResTime" : 3405.0,
    "pct1ResTime" : 2419.0000000000005,
    "pct2ResTime" : 2586.6,
    "pct3ResTime" : 2827.8,
    "throughput" : 0.5648584232161687,
    "receivedKBytesPerSec" : 0.3046531540308325,
    "sentKBytesPerSec" : 1.4618367092504447
  },
  "RHS-AAEs_View_AAE_Details/cms/alarmDetail" : {
    "transaction" : "RHS-AAEs_View_AAE_Details/cms/alarmDetail",
    "sampleCount" : 303,
    "errorCount" : 0,
    "errorPct" : 0.0,
    "meanResTime" : 406.6666666666666,
    "medianResTime" : 157.0,
    "minResTime" : 105.0,
    "maxResTime" : 2446.0,
    "pct1ResTime" : 1103.0,
    "pct2ResTime" : 1550.0000000000007,
    "pct3ResTime" : 2048.6799999999994,
    "throughput" : 0.213993780761606,
    "receivedKBytesPerSec" : 0.15564469400478412,
    "sentKBytesPerSec" : 0.5483935480698537
  },
  "RHS-AAEs_View_AAE_Details" : {
    "transaction" : "RHS-AAEs_View_AAE_Details",
    "sampleCount" : 308,
    "errorCount" : 0,
    "errorPct" : 0.0,
    "meanResTime" : 403.23701298701286,
    "medianResTime" : 156.5,
    "minResTime" : 105.0,
    "maxResTime" : 2446.0,
    "pct1ResTime" : 1103.0,
    "pct2ResTime" : 1535.0000000000007,
    "pct3ResTime" : 2047.0300000000009,
    "throughput" : 0.21416551935138442,
    "receivedKBytesPerSec" : 0.15577507557504833,
    "sentKBytesPerSec" : 0.548837848931606
  },
  "RHS-AAEs_ML_Details/cms/aaeDetailMaintenancePlan" : {
    "transaction" : "RHS-AAEs_ML_Details/cms/aaeDetailMaintenancePlan",
    "sampleCount" : 21,
    "errorCount" : 0,
    "errorPct" : 0.0,
    "meanResTime" : 309.85714285714283,
    "medianResTime" : 74.0,
    "minResTime" : 54.0,
    "maxResTime" : 1199.0,
    "pct1ResTime" : 972.6000000000001,
    "pct2ResTime" : 1178.3999999999996,
    "pct3ResTime" : 1199.0,
    "throughput" : 0.015264523285303389,
    "receivedKBytesPerSec" : 0.0056532116556992276,
    "sentKBytesPerSec" : 0.039516403774625855
  },
  "RHS-AAEs_View History Details" : {
    "transaction" : "RHS-AAEs_View History Details",
    "sampleCount" : 814,
    "errorCount" : 0,
    "errorPct" : 0.0,
    "meanResTime" : 4023.676904176904,
    "medianResTime" : 4161.0,
    "minResTime" : 1276.0,
    "maxResTime" : 7380.0,
    "pct1ResTime" : 4887.0,
    "pct2ResTime" : 5079.5,
    "pct3ResTime" : 5746.6,
    "throughput" : 0.5643473884027306,
    "receivedKBytesPerSec" : 16.758092230889837,
    "sentKBytesPerSec" : 2.9226671456657565
  },
  "RHS-AAEs_Acknowldge Alarm/cms/serviceNotification" : {
    "transaction" : "RHS-AAEs_Acknowldge Alarm/cms/serviceNotification",
    "sampleCount" : 70,
    "errorCount" : 0,
    "errorPct" : 0.0,
    "meanResTime" : 1187.3571428571422,
    "medianResTime" : 850.5,
    "minResTime" : 439.0,
    "maxResTime" : 3351.0,
    "pct1ResTime" : 2366.4,
    "pct2ResTime" : 2748.3,
    "pct3ResTime" : 3351.0,
    "throughput" : 0.051809789977914224,
    "receivedKBytesPerSec" : 0.14948078495162445,
    "sentKBytesPerSec" : 0.13806282663297056
  },
  "RHS-AAEs_Acknowldge Alarm/cms/aaeDetailMaintenancePlan" : {
    "transaction" : "RHS-AAEs_Acknowldge Alarm/cms/aaeDetailMaintenancePlan",
    "sampleCount" : 36,
    "errorCount" : 0,
    "errorPct" : 0.0,
    "meanResTime" : 178.05555555555554,
    "medianResTime" : 77.0,
    "minResTime" : 52.0,
    "maxResTime" : 1083.0,
    "pct1ResTime" : 484.70000000000033,
    "pct2ResTime" : 655.4499999999992,
    "pct3ResTime" : 1083.0,
    "throughput" : 0.026657701780290182,
    "receivedKBytesPerSec" : 0.009877320654757585,
    "sentKBytesPerSec" : 0.06901252629671208
  },
  "RHS-AAEs_ML_Details/cms/serviceNotification-Open" : {
    "transaction" : "RHS-AAEs_ML_Details/cms/serviceNotification-Open",
    "sampleCount" : 20,
    "errorCount" : 0,
    "errorPct" : 0.0,
    "meanResTime" : 1279.3999999999999,
    "medianResTime" : 775.5,
    "minResTime" : 440.0,
    "maxResTime" : 3383.0,
    "pct1ResTime" : 2864.300000000001,
    "pct2ResTime" : 3359.1499999999996,
    "pct3ResTime" : 3383.0,
    "throughput" : 0.015284840647893826,
    "receivedKBytesPerSec" : 0.03792998883824512,
    "sentKBytesPerSec" : 0.04040481948221074
  },
  "RHS-AAEs_Acknowldge Alarm/cms/alarmDetail" : {
    "transaction" : "RHS-AAEs_Acknowldge Alarm/cms/alarmDetail",
    "sampleCount" : 36,
    "errorCount" : 0,
    "errorPct" : 0.0,
    "meanResTime" : 591.1388888888889,
    "medianResTime" : 430.5,
    "minResTime" : 110.0,
    "maxResTime" : 2033.0,
    "pct1ResTime" : 1427.8000000000002,
    "pct2ResTime" : 1568.8999999999992,
    "pct3ResTime" : 2033.0,
    "throughput" : 0.02665357679894985,
    "receivedKBytesPerSec" : 0.019345244705748214,
    "sentKBytesPerSec" : 0.06829762147367625
  },
  "RHS-AAEs_Acknowldge Alarm/cms/aaeDetailBehaviourFleet" : {
    "transaction" : "RHS-AAEs_Acknowldge Alarm/cms/aaeDetailBehaviourFleet",
    "sampleCount" : 34,
    "errorCount" : 0,
    "errorPct" : 0.0,
    "meanResTime" : 1545.5882352941176,
    "medianResTime" : 1252.5,
    "minResTime" : 604.0,
    "maxResTime" : 2837.0,
    "pct1ResTime" : 2720.5,
    "pct2ResTime" : 2774.75,
    "pct3ResTime" : 2837.0,
    "throughput" : 0.027085288386624967,
    "receivedKBytesPerSec" : 0.014557097779484328,
    "sentKBytesPerSec" : 0.07010387730882167
  },
  "RHS-AAEs_ML_Details/cms/serviceNotification-Closed" : {
    "transaction" : "RHS-AAEs_ML_Details/cms/serviceNotification-Closed",
    "sampleCount" : 21,
    "errorCount" : 0,
    "errorPct" : 0.0,
    "meanResTime" : 1152.5714285714287,
    "medianResTime" : 877.0,
    "minResTime" : 644.0,
    "maxResTime" : 2452.0,
    "pct1ResTime" : 2324.6,
    "pct2ResTime" : 2441.6,
    "pct3ResTime" : 2452.0,
    "throughput" : 0.0152579908277678,
    "receivedKBytesPerSec" : 0.0532695740041618,
    "sentKBytesPerSec" : 0.04092921981533472
  },
  "Total" : {
    "transaction" : "Total",
    "sampleCount" : 2272,
    "errorCount" : 0,
    "errorPct" : 0.0,
    "meanResTime" : 1636.9392605633807,
    "medianResTime" : 1874.0,
    "minResTime" : 52.0,
    "maxResTime" : 4536.0,
    "pct1ResTime" : 2501.4,
    "pct2ResTime" : 2677.4499999999994,
    "pct3ResTime" : 3011.5099999999998,
    "throughput" : 1.5774546186718692,
    "receivedKBytesPerSec" : 18.06386804656338,
    "sentKBytesPerSec" : 4.0902251687154365
  },
  "RHS-AAEs_Acknowldge Alarm/cms/aaeDetailBehaviourLocation" : {
    "transaction" : "RHS-AAEs_Acknowldge Alarm/cms/aaeDetailBehaviourLocation",
    "sampleCount" : 35,
    "errorCount" : 0,
    "errorPct" : 0.0,
    "meanResTime" : 1652.4857142857145,
    "medianResTime" : 1445.0,
    "minResTime" : 620.0,
    "maxResTime" : 3027.0,
    "pct1ResTime" : 2859.6,
    "pct2ResTime" : 2932.5999999999995,
    "pct3ResTime" : 3027.0,
    "throughput" : 0.026433527984798456,
    "receivedKBytesPerSec" : 0.6702588316777134,
    "sentKBytesPerSec" : 0.06848820894722055
  },
  "RHS-AAEs_Acknowldge Alarm/cms/alarm?alarmTxId=5655&isAcknowledged=true&isIsolated=false&unitNumber=R04&carNumber=RIB2444&LastModifiedBy=Ratnam%20Prasad%20Simha" : {
    "transaction" : "RHS-AAEs_Acknowldge Alarm/cms/alarm?alarmTxId=5655&isAcknowledged=true&isIsolated=false&unitNumber=R04&carNumber=RIB2444&LastModifiedBy=Ratnam%20Prasad%20Simha",
    "sampleCount" : 37,
    "errorCount" : 0,
    "errorPct" : 0.0,
    "meanResTime" : 247.29729729729732,
    "medianResTime" : 220.0,
    "minResTime" : 142.0,
    "maxResTime" : 772.0,
    "pct1ResTime" : 364.2000000000001,
    "pct2ResTime" : 475.9000000000005,
    "pct3ResTime" : 772.0,
    "throughput" : 0.026456653276263235,
    "receivedKBytesPerSec" : 0.013707350712971054,
    "sentKBytesPerSec" : 0.07448056249347522
  },