{
  "MA_AactivityLog_Machine_AAE_Exists-UF5" : {
    "transaction" : "MA_AactivityLog_Machine_AAE_Exists-UF5",
    "sampleCount" : 31,
    "errorCount" : 0,
    "errorPct" : 0.0,
    "meanResTime" : 7989.806451612904,
    "medianResTime" : 6756.0,
    "minResTime" : 5537.0,
    "maxResTime" : 20979.0,
    "pct1ResTime" : 12789.000000000002,
    "pct2ResTime" : 17477.999999999993,
    "pct3ResTime" : 20979.0,
    "throughput" : 0.015452360372970134,
    "receivedKBytesPerSec" : 0.009904036168991001,
    "sentKBytesPerSec" : 0.03987997971005391
  },
  "MA_ActivityLog_View TCMS-Upload-UF7" : {
    "transaction" : "MA_ActivityLog_View TCMS-Upload-UF7",
    "sampleCount" : 31,
    "errorCount" : 0,
    "errorPct" : 0.0,
    "meanResTime" : 6870.67741935484,
    "medianResTime" : 5356.0,
    "minResTime" : 4631.0,
    "maxResTime" : 15336.0,
    "pct1ResTime" : 9826.800000000001,
    "pct2ResTime" : 14916.599999999999,
    "pct3ResTime" : 15336.0,
    "throughput" : 0.016237779761231308,
    "receivedKBytesPerSec" : 0.011023316338663516,
    "sentKBytesPerSec" : 0.04243030473205568
  },
  "MA_ActivityLog_DataError_ON/activityLogDetails?limit=25&dataError=true-UF5" : {
    "transaction" : "MA_ActivityLog_DataError_ON/activityLogDetails?limit=25&dataError=true-UF5",
    "sampleCount" : 31,
    "errorCount" : 0,
    "errorPct" : 0.0,
    "meanResTime" : 7989.774193548388,
    "medianResTime" : 6756.0,
    "minResTime" : 5536.0,
    "maxResTime" : 20979.0,
    "pct1ResTime" : 12789.000000000002,
    "pct2ResTime" : 17477.999999999993,
    "pct3ResTime" : 20979.0,
    "throughput" : 0.015454555878439448,
    "receivedKBytesPerSec" : 0.009905443356310767,
    "sentKBytesPerSec" : 0.03988564594559697
  },
  "MA_AactivityLog_Unit_Select-/activityLogDetails?limit=25&unitNumber=R01-UF2" : {
    "transaction" : "MA_AactivityLog_Unit_Select-/activityLogDetails?limit=25&unitNumber=R01-UF2",
    "sampleCount" : 40,
    "errorCount" : 0,
    "errorPct" : 0.0,
    "meanResTime" : 7077.724999999999,
    "medianResTime" : 5998.0,
    "minResTime" : 5104.0,
    "maxResTime" : 16923.0,
    "pct1ResTime" : 11010.3,
    "pct2ResTime" : 12931.349999999991,
    "pct3ResTime" : 16923.0,
    "throughput" : 0.020856873356543557,
    "receivedKBytesPerSec" : 0.04410342705152117,
    "sentKBytesPerSec" : 0.05399058305650179
  },
  "MA_ActivityLog_View TCMS-UF6" : {
    "transaction" : "MA_ActivityLog_View TCMS-UF6",
    "sampleCount" : 31,
    "errorCount" : 0,
    "errorPct" : 0.0,
    "meanResTime" : 8306.774193548388,
    "medianResTime" : 7494.0,
    "minResTime" : 4935.0,
    "maxResTime" : 19045.0,
    "pct1ResTime" : 12377.800000000001,
    "pct2ResTime" : 18441.399999999998,
    "pct3ResTime" : 19045.0,
    "throughput" : 0.01603726439447946,
    "receivedKBytesPerSec" : 0.03509970328474214,
    "sentKBytesPerSec" : 0.041875023118233955
  },
  "MA_ActivityLog_Home-/activityLogDetails?limit=25-UF1" : {
    "transaction" : "MA_ActivityLog_Home-/activityLogDetails?limit=25-UF1",
    "sampleCount" : 40,
    "errorCount" : 0,
    "errorPct" : 0.0,
    "meanResTime" : 7387.999999999998,
    "medianResTime" : 6050.0,
    "minResTime" : 5233.0,
    "maxResTime" : 18688.0,
    "pct1ResTime" : 11985.599999999999,
    "pct2ResTime" : 17487.299999999977,
    "pct3ResTime" : 18688.0,
    "throughput" : 0.020192892606624782,
    "receivedKBytesPerSec" : 0.048986991202209104,
    "sentKBytesPerSec" : 0.05181675691417263
  },
  "MA_ActivityLog_ApplyFilter-/activityLogDetails?limit=25&fleetType=Long%20Regional-UF3" : {
    "transaction" : "MA_ActivityLog_ApplyFilter-/activityLogDetails?limit=25&fleetType=Long%20Regional-UF3",
    "sampleCount" : 45,
    "errorCount" : 0,
    "errorPct" : 0.0,
    "meanResTime" : 7293.533333333333,
    "medianResTime" : 6180.0,
    "minResTime" : 5245.0,
    "maxResTime" : 16560.0,
    "pct1ResTime" : 12096.999999999998,
    "pct2ResTime" : 13937.999999999995,
    "pct3ResTime" : 16560.0,
    "throughput" : 0.02382064010824099,
    "receivedKBytesPerSec" : 0.056172874060805095,
    "sentKBytesPerSec" : 0.061735158947191233
  },
  "MA_ActivityLog_ApplyFilter-UF3" : {
    "transaction" : "MA_ActivityLog_ApplyFilter-UF3",
    "sampleCount" : 45,
    "errorCount" : 0,
    "errorPct" : 0.0,
    "meanResTime" : 7293.533333333333,
    "medianResTime" : 6180.0,
    "minResTime" : 5245.0,
    "maxResTime" : 16560.0,
    "pct1ResTime" : 12096.999999999998,
    "pct2ResTime" : 13937.999999999995,
    "pct3ResTime" : 16560.0,
    "throughput" : 0.02382064010824099,
    "receivedKBytesPerSec" : 0.056172874060805095,
    "sentKBytesPerSec" : 0.061735158947191233
  },
  "MA_ActivityLog_View WeighBridge-UF9" : {
    "transaction" : "MA_ActivityLog_View WeighBridge-UF9",
    "sampleCount" : 30,
    "errorCount" : 0,
    "errorPct" : 0.0,
    "meanResTime" : 7957.333333333333,
    "medianResTime" : 6378.0,
    "minResTime" : 5365.0,
    "maxResTime" : 17921.0,
    "pct1ResTime" : 13275.9,
    "pct2ResTime" : 15466.899999999998,
    "pct3ResTime" : 17921.0,
    "throughput" : 0.015749908256784403,
    "receivedKBytesPerSec" : 0.03333422965623725,
    "sentKBytesPerSec" : 0.040894903388750264
  },
  "MA_ActivityLog_View WeighBridge/activityLogDetails?limit=25&machineDescription=Weighbridge-UF9" : {
    "transaction" : "MA_ActivityLog_View WeighBridge/activityLogDetails?limit=25&machineDescription=Weighbridge-UF9",
    "sampleCount" : 30,
    "errorCount" : 0,
    "errorPct" : 0.0,
    "meanResTime" : 7957.333333333333,
    "medianResTime" : 6378.0,
    "minResTime" : 5365.0,
    "maxResTime" : 17921.0,
    "pct1ResTime" : 13275.9,
    "pct2ResTime" : 15466.899999999998,
    "pct3ResTime" : 17921.0,
    "throughput" : 0.015749916525442414,
    "receivedKBytesPerSec" : 0.03333424715661507,
    "sentKBytesPerSec" : 0.04089492485846075
  },
  "MA_ActivityLog_Export csv-UF10" : {
    "transaction" : "MA_ActivityLog_Export csv-UF10",
    "sampleCount" : 14,
    "errorCount" : 0,
    "errorPct" : 0.0,
    "meanResTime" : 8217.285714285714,
    "medianResTime" : 6904.5,
    "minResTime" : 5315.0,
    "maxResTime" : 16333.0,
    "pct1ResTime" : 14280.0,
    "pct2ResTime" : 16333.0,
    "pct3ResTime" : 16333.0,
    "throughput" : 0.006778410375615928,
    "receivedKBytesPerSec" : 0.03173029879232936,
    "sentKBytesPerSec" : 0.017393790631123267
  },
  "MA_AactivityLog_AAE_Exists-UF4" : {
    "transaction" : "MA_AactivityLog_AAE_Exists-UF4",
    "sampleCount" : 31,
    "errorCount" : 0,
    "errorPct" : 0.0,
    "meanResTime" : 7648.967741935485,
    "medianResTime" : 6960.0,
    "minResTime" : 5313.0,
    "maxResTime" : 20082.0,
    "pct1ResTime" : 10429.800000000001,
    "pct2ResTime" : 17189.399999999994,
    "pct3ResTime" : 20082.0,
    "throughput" : 0.015524178908650222,
    "receivedKBytesPerSec" : 0.009952512757369603,
    "sentKBytesPerSec" : 0.04006582048415407
  },
  "MA_ActivityLog_View UFWL-UF8" : {
    "transaction" : "MA_ActivityLog_View UFWL-UF8",
    "sampleCount" : 30,
    "errorCount" : 0,
    "errorPct" : 0.0,
    "meanResTime" : 7630.9000000000015,
    "medianResTime" : 6252.0,
    "minResTime" : 4972.0,
    "maxResTime" : 17113.0,
    "pct1ResTime" : 13268.000000000007,
    "pct2ResTime" : 15308.999999999998,
    "pct3ResTime" : 17113.0,
    "throughput" : 0.015841441951412186,
    "receivedKBytesPerSec" : 0.015936841260038852,
    "sentKBytesPerSec" : 0.04123983193946246
  },
  "MA_ActivityLog_AAE_Exists/activityLogDetails?limit=25&aaeExists=true-UF4" : {
    "transaction" : "MA_ActivityLog_AAE_Exists/activityLogDetails?limit=25&aaeExists=true-UF4",
    "sampleCount" : 31,
    "errorCount" : 0,
    "errorPct" : 0.0,
    "meanResTime" : 7648.967741935485,
    "medianResTime" : 6960.0,
    "minResTime" : 5313.0,
    "maxResTime" : 20082.0,
    "pct1ResTime" : 10429.800000000001,
    "pct2ResTime" : 17189.399999999994,
    "pct3ResTime" : 20082.0,
    "throughput" : 0.015526433753465274,
    "receivedKBytesPerSec" : 0.009953958332811612,