{
  "MA_SU_TWP_UF11_UtilHoursGraph-Week-Month" : {
    "transaction" : "MA_SU_TWP_UF11_UtilHoursGraph-Week-Month",
    "sampleCount" : 88,
    "errorCount" : 0,
    "errorPct" : 0.0,
    "meanResTime" : 130.63636363636363,
    "medianResTime" : 112.5,
    "minResTime" : 95.0,
    "maxResTime" : 1171.0,
    "pct1ResTime" : 144.20000000000002,
    "pct2ResTime" : 160.2,
    "pct3ResTime" : 1171.0,
    "throughput" : 0.04414838271430277,
    "receivedKBytesPerSec" : 0.023425412498908834,
    "sentKBytesPerSec" : 0.11501939267879342
  },
  "MA_SU_TWP_UF10_Home-/serviceNotification?limit=10&functionalLocation=TFNSW-PL-1076-YAR1&isSnOnly=false&sort=-snCreatedDateTime&state=Submitted&filter=equipment=11422175" : {
    "transaction" : "MA_SU_TWP_UF10_Home-/serviceNotification?limit=10&functionalLocation=TFNSW-PL-1076-YAR1&isSnOnly=false&sort=-snCreatedDateTime&state=Submitted&filter=equipment=11422175",
    "sampleCount" : 128,
    "errorCount" : 0,
    "errorPct" : 0.0,
    "meanResTime" : 606.9296874999995,
    "medianResTime" : 587.5,
    "minResTime" : 534.0,
    "maxResTime" : 1005.0,
    "pct1ResTime" : 682.7000000000002,
    "pct2ResTime" : 775.1,
    "pct3ResTime" : 983.2499999999995,
    "throughput" : 0.06406114636420464,
    "receivedKBytesPerSec" : 0.10837883822608681,
    "sentKBytesPerSec" : 0.17210421487935235
  },
  "MA_SU_TWP_UF10_Home" : {
    "transaction" : "MA_SU_TWP_UF10_Home",
    "sampleCount" : 128,
    "errorCount" : 0,
    "errorPct" : 0.0,
    "meanResTime" : 1030.125,
    "medianResTime" : 1002.5,
    "minResTime" : 915.0,
    "maxResTime" : 2142.0,
    "pct1ResTime" : 1107.0000000000002,
    "pct2ResTime" : 1229.3999999999999,
    "pct3ResTime" : 1930.5899999999956,
    "throughput" : 0.06400710478863153,
    "receivedKBytesPerSec" : 0.2514864110853805,
    "sentKBytesPerSec" : 0.6678265701555373
  },
  "MA_SU_TWP_UF10_Home-/twpAAELogDetails?limit=10&sort=" : {
    "transaction" : "MA_SU_TWP_UF10_Home-/twpAAELogDetails?limit=10&sort=",
    "sampleCount" : 128,
    "errorCount" : 0,
    "errorPct" : 0.0,
    "meanResTime" : 208.46093750000009,
    "medianResTime" : 207.0,
    "minResTime" : 176.0,
    "maxResTime" : 288.0,
    "pct1ResTime" : 227.10000000000002,
    "pct2ResTime" : 235.55,
    "pct3ResTime" : 280.16999999999985,
    "throughput" : 0.06407625073837867,
    "receivedKBytesPerSec" : 0.07155634345496141,
    "sentKBytesPerSec" : 0.16488224502783314
  },
  "MA_SU_TWP_UF11_UtilHoursGraph-Week-Month-/twpUtilisationHoursGraphDetails?viewType=Week&numberOfRecords=10" : {
    "transaction" : "MA_SU_TWP_UF11_UtilHoursGraph-Week-Month-/twpUtilisationHoursGraphDetails?viewType=Week&numberOfRecords=10",
    "sampleCount" : 88,
    "errorCount" : 0,
    "errorPct" : 0.0,
    "meanResTime" : 130.63636363636363,
    "medianResTime" : 112.5,
    "minResTime" : 95.0,
    "maxResTime" : 1171.0,
    "pct1ResTime" : 144.20000000000002,
    "pct2ResTime" : 160.2,
    "pct3ResTime" : 1171.0,
    "throughput" : 0.04415285719159731,
    "receivedKBytesPerSec" : 0.02342778668500348,
    "sentKBytesPerSec" : 0.11503104999508297
  },
  "Total" : {
    "transaction" : "Total",
    "sampleCount" : 646,
    "errorCount" : 0,
    "errorPct" : 0.0,
    "meanResTime" : 252.85603715170282,
    "medianResTime" : 143.5,
    "minResTime" : 76.0,
    "maxResTime" : 1641.0,
    "pct1ResTime" : 599.3000000000001,
    "pct2ResTime" : 634.0,
    "pct3ResTime" : 808.4299999999992,
    "throughput" : 0.3230728529283353,
    "receivedKBytesPerSec" : 0.3222284242284135,
    "sentKBytesPerSec" : 0.843054366572162
  },
  "MA_SU_TWP_UF12_Export-Excel/twpAAELogDetails?limit=-1&sort=-" : {
    "transaction" : "MA_SU_TWP_UF12_Export-Excel/twpAAELogDetails?limit=-1&sort=-",
    "sampleCount" : 23,
    "errorCount" : 0,
    "errorPct" : 0.0,
    "meanResTime" : 210.08695652173913,
    "medianResTime" : 204.0,
    "minResTime" : 187.0,
    "maxResTime" : 288.0,
    "pct1ResTime" : 241.20000000000005,
    "pct2ResTime" : 280.39999999999986,
    "pct3ResTime" : 288.0,
    "throughput" : 0.011774468753887496,
    "receivedKBytesPerSec" : 0.02857078442662689,
    "sentKBytesPerSec" : 0.030294560253028215
  },
  "MA_SU_TWP_UF10_Home-/twpUtilisationHoursGraphDetails?viewType=Day&numberOfRecords=10" : {
    "transaction" : "MA_SU_TWP_UF10_Home-/twpUtilisationHoursGraphDetails?viewType=Day&numberOfRecords=10",
    "sampleCount" : 128,
    "errorCount" : 0,
    "errorPct" : 0.0,
    "meanResTime" : 88.92187500000001,
    "medianResTime" : 87.0,
    "minResTime" : 76.0,
    "maxResTime" : 129.0,
    "pct1ResTime" : 100.0,
    "pct2ResTime" : 106.55,
    "pct3ResTime" : 126.67999999999995,
    "throughput" : 0.06408048508927212,
    "receivedKBytesPerSec" : 0.032430380996031016,
    "sentKBytesPerSec" : 0.166896633890917
  },
  "MA_SU_TWP_UF12_Export-Excel" : {
    "transaction" : "MA_SU_TWP_UF12_Export-Excel",
    "sampleCount" : 23,
    "errorCount" : 0,
    "errorPct" : 0.0,
    "meanResTime" : 869.2608695652173,
    "medianResTime" : 808.0,
    "minResTime" : 764.0,
    "maxResTime" : 1929.0,
    "pct1ResTime" : 910.6,
    "pct2ResTime" : 1726.199999999997,
    "pct3ResTime" : 1929.0,
    "throughput" : 0.011764579510910624,
    "receivedKBytesPerSec" : 0.04843997679564568,
    "sentKBytesPerSec" : 0.06187043914745673
  },
  "MA_SU_TWP_UF12_Export-Excel/serviceNotification?limit=-1&functionalLocation=TFNSW-PL-1076-YAR1&isSnOnly=false&sort=-snCreatedDateTime&state=Submitted&filter=equipment=11422175" : {
    "transaction" : "MA_SU_TWP_UF12_Export-Excel/serviceNotification?limit=-1&functionalLocation=TFNSW-PL-1076-YAR1&isSnOnly=false&sort=-snCreatedDateTime&state=Submitted&filter=equipment=11422175",
    "sampleCount" : 23,
    "errorCount" : 0,
    "errorPct" : 0.0,
    "meanResTime" : 659.1739130434783,
    "medianResTime" : 605.0,
    "minResTime" : 559.0,
    "maxResTime" : 1641.0,
    "pct1ResTime" : 688.0,
    "pct2ResTime" : 1451.5999999999972,
    "pct3ResTime" : 1641.0,
    "throughput" : 0.011765951689002364,
    "receivedKBytesPerSec" : 0.019895508917056694,
    "sentKBytesPerSec" : 0.03160500881679032
  },
  "MA_SU_TWP_UF10_Home-/twpUtilisationStatusDetails" : {
    "transaction" : "MA_SU_TWP_UF10_Home-/twpUtilisationStatusDetails",
    "sampleCount" : 128,
    "errorCount" : 0,
    "errorPct" : 0.0,
    "meanResTime" : 125.81250000000003,
    "medianResTime" : 113.0,
    "minResTime" : 96.0,
    "maxResTime" : 1170.0,
    "pct1ResTime" : 143.10000000000002,
    "pct2ResTime" : 153.1,
    "pct3ResTime" : 884.3499999999939,
    "throughput" : 0.06404566455883046,
    "receivedKBytesPerSec" : 0.039350322404874676,
    "sentKBytesPerSec" : 0.1645567821106449
  }
}